CODGEO_2025,arrondissement,insee_pop,densite_hab_km2,annee
75101,10,16030,5546.712802768166,2020
75101,10,16030,5546.712802768166,2020
75101,10,16030,5546.712802768166,2020
75101,10,16030,5546.712802768166,2020
75101,10,16030,5546.712802768166,2020
75101,10,16030,5546.712802768166,2020
75101,10,16030,5546.712802768166,2020
75101,10,16030,5546.712802768166,2020
75101,10,16030,5546.712802768166,2020
75101,10,16030,5546.712802768166,2020
75101,10,16030,5546.712802768166,2020
75101,10,16030,5546.712802768166,2020
75101,10,16030,5546.712802768166,2020
75101,10,16030,5546.712802768166,2020
75101,10,16030,5546.712802768166,2020
75102,10,21130,7311.418685121107,2020
75102,10,21130,7311.418685121107,2020
75102,10,21130,7311.418685121107,2020
75102,10,21130,7311.418685121107,2020
75102,10,21130,7311.418685121107,2020
75102,10,21130,7311.418685121107,2020
75102,10,21130,7311.418685121107,2020
75102,10,21130,7311.418685121107,2020
75102,10,21130,7311.418685121107,2020
75102,10,21130,7311.418685121107,2020
75102,10,21130,7311.418685121107,2020
75102,10,21130,7311.418685121107,2020
75102,10,21130,7311.418685121107,2020
75102,10,21130,7311.418685121107,2020
75102,10,21130,7311.418685121107,2020
75103,10,33402,11557.785467128027,2020
75103,10,33402,11557.785467128027,2020
75103,10,33402,11557.785467128027,2020
75103,10,33402,11557.785467128027,2020
75103,10,33402,11557.785467128027,2020
75103,10,33402,11557.785467128027,2020
75103,10,33402,11557.785467128027,2020
75103,10,33402,11557.785467128027,2020
75103,10,33402,11557.785467128027,2020
75103,10,33402,11557.785467128027,2020
75103,10,33402,11557.785467128027,2020
75103,10,33402,11557.785467128027,2020
75103,10,33402,11557.785467128027,2020
75103,10,33402,11557.785467128027,2020
75103,10,33402,11557.785467128027,2020
75104,10,29064,10056.747404844291,2020
75104,10,29064,10056.747404844291,2020
75104,10,29064,10056.747404844291,2020
75104,10,29064,10056.747404844291,2020
75104,10,29064,10056.747404844291,2020
75104,10,29064,10056.747404844291,2020
75104,10,29064,10056.747404844291,2020
75104,10,29064,10056.747404844291,2020
75104,10,29064,10056.747404844291,2020
75104,10,29064,10056.747404844291,2020
75104,10,29064,10056.747404844291,2020
75104,10,29064,10056.747404844291,2020
75104,10,29064,10056.747404844291,2020
75104,10,29064,10056.747404844291,2020
75104,10,29064,10056.747404844291,2020
75105,10,57380,19854.671280276816,2020
75105,10,57380,19854.671280276816,2020
75105,10,57380,19854.671280276816,2020
75105,10,57380,19854.671280276816,2020
75105,10,57380,19854.671280276816,2020
75105,10,57380,19854.671280276816,2020
75105,10,57380,19854.671280276816,2020
75105,10,57380,19854.671280276816,2020
75105,10,57380,19854.671280276816,2020
75105,10,57380,19854.671280276816,2020
75105,10,57380,19854.671280276816,2020
75105,10,57380,19854.671280276816,2020
75105,10,57380,19854.671280276816,2020
75105,10,57380,19854.671280276816,2020
75105,10,57380,19854.671280276816,2020
75106,10,39625,13711.072664359861,2020
75106,10,39625,13711.072664359861,2020
75106,10,39625,13711.072664359861,2020
75106,10,39625,13711.072664359861,2020
75106,10,39625,13711.072664359861,2020
75106,10,39625,13711.072664359861,2020
75106,10,39625,13711.072664359861,2020
75106,10,39625,13711.072664359861,2020
75106,10,39625,13711.072664359861,2020
75106,10,39625,13711.072664359861,2020
75106,10,39625,13711.072664359861,2020
75106,10,39625,13711.072664359861,2020
75106,10,39625,13711.072664359861,2020
75106,10,39625,13711.072664359861,2020
75106,10,39625,13711.072664359861,2020
75107,10,48520,16788.92733564014,2020
75107,10,48520,16788.92733564014,2020
75107,10,48520,16788.92733564014,2020
75107,10,48520,16788.92733564014,2020
75107,10,48520,16788.92733564014,2020
75107,10,48520,16788.92733564014,2020
75107,10,48520,16788.92733564014,2020
75107,10,48520,16788.92733564014,2020
75107,10,48520,16788.92733564014,2020
75107,10,48520,16788.92733564014,2020
75107,10,48520,16788.92733564014,2020
75107,10,48520,16788.92733564014,2020
75107,10,48520,16788.92733564014,2020
75107,10,48520,16788.92733564014,2020
75107,10,48520,16788.92733564014,2020
75108,10,35631,12329.065743944637,2020
75108,10,35631,12329.065743944637,2020
75108,10,35631,12329.065743944637,2020
75108,10,35631,12329.065743944637,2020
75108,10,35631,12329.065743944637,2020
75108,10,35631,12329.065743944637,2020
75108,10,35631,12329.065743944637,2020
75108,10,35631,12329.065743944637,2020
75108,10,35631,12329.065743944637,2020
75108,10,35631,12329.065743944637,2020
75108,10,35631,12329.065743944637,2020
75108,10,35631,12329.065743944637,2020
75108,10,35631,12329.065743944637,2020
75108,10,35631,12329.065743944637,2020
75108,10,35631,12329.065743944637,2020
75109,10,60168,20819.377162629757,2020
75109,10,60168,20819.377162629757,2020
75109,10,60168,20819.377162629757,2020
75109,10,60168,20819.377162629757,2020
75109,10,60168,20819.377162629757,2020
75109,10,60168,20819.377162629757,2020
75109,10,60168,20819.377162629757,2020
75109,10,60168,20819.377162629757,2020
75109,10,60168,20819.377162629757,2020
75109,10,60168,20819.377162629757,2020
75109,10,60168,20819.377162629757,2020
75109,10,60168,20819.377162629757,2020
75109,10,60168,20819.377162629757,2020
75109,10,60168,20819.377162629757,2020
75109,10,60168,20819.377162629757,2020
75110,11,83459,22740.871934604904,2020
75110,11,83459,22740.871934604904,2020
75110,11,83459,22740.871934604904,2020
75110,11,83459,22740.871934604904,2020
75110,11,83459,22740.871934604904,2020
75110,11,83459,22740.871934604904,2020
75110,11,83459,22740.871934604904,2020
75110,11,83459,22740.871934604904,2020
75110,11,83459,22740.871934604904,2020
75110,11,83459,22740.871934604904,2020
75110,11,83459,22740.871934604904,2020
75110,11,83459,22740.871934604904,2020
75110,11,83459,22740.871934604904,2020
75110,11,83459,22740.871934604904,2020
75110,11,83459,22740.871934604904,2020
75111,11,144292,39316.621253405996,2020
75111,11,144292,39316.621253405996,2020
75111,11,144292,39316.621253405996,2020
75111,11,144292,39316.621253405996,2020
75111,11,144292,39316.621253405996,2020
75111,11,144292,39316.621253405996,2020
75111,11,144292,39316.621253405996,2020
75111,11,144292,39316.621253405996,2020
75111,11,144292,39316.621253405996,2020
75111,11,144292,39316.621253405996,2020
75111,11,144292,39316.621253405996,2020
75111,11,144292,39316.621253405996,2020
75111,11,144292,39316.621253405996,2020
75111,11,144292,39316.621253405996,2020
75111,11,144292,39316.621253405996,2020
75112,11,140311,38231.88010899183,2020
75112,11,140311,38231.88010899183,2020
75112,11,140311,38231.88010899183,2020
75112,11,140311,38231.88010899183,2020
75112,11,140311,38231.88010899183,2020
75112,11,140311,38231.88010899183,2020
75112,11,140311,38231.88010899183,2020
75112,11,140311,38231.88010899183,2020
75112,11,140311,38231.88010899183,2020
75112,11,140311,38231.88010899183,2020
75112,11,140311,38231.88010899183,2020
75112,11,140311,38231.88010899183,2020
75112,11,140311,38231.88010899183,2020
75112,11,140311,38231.88010899183,2020
75112,11,140311,38231.88010899183,2020
75113,11,177833,48455.8583106267,2020
75113,11,177833,48455.8583106267,2020
75113,11,177833,48455.8583106267,2020
75113,11,177833,48455.8583106267,2020
75113,11,177833,48455.8583106267,2020
75113,11,177833,48455.8583106267,2020
75113,11,177833,48455.8583106267,2020
75113,11,177833,48455.8583106267,2020
75113,11,177833,48455.8583106267,2020
75113,11,177833,48455.8583106267,2020
75113,11,177833,48455.8583106267,2020
75113,11,177833,48455.8583106267,2020
75113,11,177833,48455.8583106267,2020
75113,11,177833,48455.8583106267,2020
75113,11,177833,48455.8583106267,2020
75114,11,133967,36503.26975476839,2020
75114,11,133967,36503.26975476839,2020
75114,11,133967,36503.26975476839,2020
75114,11,133967,36503.26975476839,2020
75114,11,133967,36503.26975476839,2020
75114,11,133967,36503.26975476839,2020
75114,11,133967,36503.26975476839,2020
75114,11,133967,36503.26975476839,2020
75114,11,133967,36503.26975476839,2020
75114,11,133967,36503.26975476839,2020
75114,11,133967,36503.26975476839,2020
75114,11,133967,36503.26975476839,2020
75114,11,133967,36503.26975476839,2020
75114,11,133967,36503.26975476839,2020
75114,11,133967,36503.26975476839,2020
75115,11,229472,62526.430517711175,2020
75115,11,229472,62526.430517711175,2020
75115,11,229472,62526.430517711175,2020
75115,11,229472,62526.430517711175,2020
75115,11,229472,62526.430517711175,2020
75115,11,229472,62526.430517711175,2020
75115,11,229472,62526.430517711175,2020
75115,11,229472,62526.430517711175,2020
75115,11,229472,62526.430517711175,2020
75115,11,229472,62526.430517711175,2020
75115,11,229472,62526.430517711175,2020
75115,11,229472,62526.430517711175,2020
75115,11,229472,62526.430517711175,2020
75115,11,229472,62526.430517711175,2020
75115,11,229472,62526.430517711175,2020
75116,11,162820,44365.12261580382,2020
75116,11,162820,44365.12261580382,2020
75116,11,162820,44365.12261580382,2020
75116,11,162820,44365.12261580382,2020
75116,11,162820,44365.12261580382,2020
75116,11,162820,44365.12261580382,2020
75116,11,162820,44365.12261580382,2020
75116,11,162820,44365.12261580382,2020
75116,11,162820,44365.12261580382,2020
75116,11,162820,44365.12261580382,2020
75116,11,162820,44365.12261580382,2020
75116,11,162820,44365.12261580382,2020
75116,11,162820,44365.12261580382,2020
75116,11,162820,44365.12261580382,2020
75116,11,162820,44365.12261580382,2020
75117,11,166336,45323.16076294278,2020
75117,11,166336,45323.16076294278,2020
75117,11,166336,45323.16076294278,2020
75117,11,166336,45323.16076294278,2020
75117,11,166336,45323.16076294278,2020
75117,11,166336,45323.16076294278,2020
75117,11,166336,45323.16076294278,2020
75117,11,166336,45323.16076294278,2020
75117,11,166336,45323.16076294278,2020
75117,11,166336,45323.16076294278,2020
75117,11,166336,45323.16076294278,2020
75117,11,166336,45323.16076294278,2020
75117,11,166336,45323.16076294278,2020
75117,11,166336,45323.16076294278,2020
75117,11,166336,45323.16076294278,2020
75118,11,191135,52080.38147138965,2020
75118,11,191135,52080.38147138965,2020
75118,11,191135,52080.38147138965,2020
75118,11,191135,52080.38147138965,2020
75118,11,191135,52080.38147138965,2020
75118,11,191135,52080.38147138965,2020
75118,11,191135,52080.38147138965,2020
75118,11,191135,52080.38147138965,2020
75118,11,191135,52080.38147138965,2020
75118,11,191135,52080.38147138965,2020
75118,11,191135,52080.38147138965,2020
75118,11,191135,52080.38147138965,2020
75118,11,191135,52080.38147138965,2020
75118,11,191135,52080.38147138965,2020
75118,11,191135,52080.38147138965,2020
75119,11,183211,49921.253405994554,2020
75119,11,183211,49921.253405994554,2020
75119,11,183211,49921.253405994554,2020
75119,11,183211,49921.253405994554,2020
75119,11,183211,49921.253405994554,2020
75119,11,183211,49921.253405994554,2020
75119,11,183211,49921.253405994554,2020
75119,11,183211,49921.253405994554,2020
75119,11,183211,49921.253405994554,2020
75119,11,183211,49921.253405994554,2020
75119,11,183211,49921.253405994554,2020
75119,11,183211,49921.253405994554,2020
75119,11,183211,49921.253405994554,2020
75119,11,183211,49921.253405994554,2020
75119,11,183211,49921.253405994554,2020
75120,12,192120,30112.852664576803,2020
75120,12,192120,30112.852664576803,2020
75120,12,192120,30112.852664576803,2020
75120,12,192120,30112.852664576803,2020
75120,12,192120,30112.852664576803,2020
75120,12,192120,30112.852664576803,2020
75120,12,192120,30112.852664576803,2020
75120,12,192120,30112.852664576803,2020
75120,12,192120,30112.852664576803,2020
75120,12,192120,30112.852664576803,2020
75120,12,192120,30112.852664576803,2020
75120,12,192120,30112.852664576803,2020
75120,12,192120,30112.852664576803,2020
75120,12,192120,30112.852664576803,2020
75120,12,192120,30112.852664576803,2020
75101,10,15919,5508.304498269896,2021
75101,10,15919,5508.304498269896,2021
75101,10,15919,5508.304498269896,2021
75101,10,15919,5508.304498269896,2021
75101,10,15919,5508.304498269896,2021
75101,10,15919,5508.304498269896,2021
75101,10,15919,5508.304498269896,2021
75101,10,15919,5508.304498269896,2021
75101,10,15919,5508.304498269896,2021
75101,10,15919,5508.304498269896,2021
75101,10,15919,5508.304498269896,2021
75101,10,15919,5508.304498269896,2021
75101,10,15919,5508.304498269896,2021
75101,10,15919,5508.304498269896,2021
75101,10,15919,5508.304498269896,2021
75102,10,21119,7307.612456747404,2021
75102,10,21119,7307.612456747404,2021
75102,10,21119,7307.612456747404,2021
75102,10,21119,7307.612456747404,2021
75102,10,21119,7307.612456747404,2021
75102,10,21119,7307.612456747404,2021
75102,10,21119,7307.612456747404,2021
75102,10,21119,7307.612456747404,2021
75102,10,21119,7307.612456747404,2021
75102,10,21119,7307.612456747404,2021
75102,10,21119,7307.612456747404,2021
75102,10,21119,7307.612456747404,2021
75102,10,21119,7307.612456747404,2021
75102,10,21119,7307.612456747404,2021
75102,10,21119,7307.612456747404,2021
75103,10,32793,11347.05882352941,2021
75103,10,32793,11347.05882352941,2021
75103,10,32793,11347.05882352941,2021
75103,10,32793,11347.05882352941,2021
75103,10,32793,11347.05882352941,2021
75103,10,32793,11347.05882352941,2021
75103,10,32793,11347.05882352941,2021
75103,10,32793,11347.05882352941,2021
75103,10,32793,11347.05882352941,2021
75103,10,32793,11347.05882352941,2021
75103,10,32793,11347.05882352941,2021
75103,10,32793,11347.05882352941,2021
75103,10,32793,11347.05882352941,2021
75103,10,32793,11347.05882352941,2021
75103,10,32793,11347.05882352941,2021
75104,10,28324,9800.69204152249,2021
75104,10,28324,9800.69204152249,2021
75104,10,28324,9800.69204152249,2021
75104,10,28324,9800.69204152249,2021
75104,10,28324,9800.69204152249,2021
75104,10,28324,9800.69204152249,2021
75104,10,28324,9800.69204152249,2021
75104,10,28324,9800.69204152249,2021
75104,10,28324,9800.69204152249,2021
75104,10,28324,9800.69204152249,2021
75104,10,28324,9800.69204152249,2021
75104,10,28324,9800.69204152249,2021
75104,10,28324,9800.69204152249,2021
75104,10,28324,9800.69204152249,2021
75104,10,28324,9800.69204152249,2021
75105,10,56841,19668.166089965398,2021
75105,10,56841,19668.166089965398,2021
75105,10,56841,19668.166089965398,2021
75105,10,56841,19668.166089965398,2021
75105,10,56841,19668.166089965398,2021
75105,10,56841,19668.166089965398,2021
75105,10,56841,19668.166089965398,2021
75105,10,56841,19668.166089965398,2021
75105,10,56841,19668.166089965398,2021
75105,10,56841,19668.166089965398,2021
75105,10,56841,19668.166089965398,2021
75105,10,56841,19668.166089965398,2021
75105,10,56841,19668.166089965398,2021
75105,10,56841,19668.166089965398,2021
75105,10,56841,19668.166089965398,2021
75106,10,40209,13913.148788927336,2021
75106,10,40209,13913.148788927336,2021
75106,10,40209,13913.148788927336,2021
75106,10,40209,13913.148788927336,2021
75106,10,40209,13913.148788927336,2021
75106,10,40209,13913.148788927336,2021
75106,10,40209,13913.148788927336,2021
75106,10,40209,13913.148788927336,2021
75106,10,40209,13913.148788927336,2021
75106,10,40209,13913.148788927336,2021
75106,10,40209,13913.148788927336,2021
75106,10,40209,13913.148788927336,2021
75106,10,40209,13913.148788927336,2021
75106,10,40209,13913.148788927336,2021
75106,10,40209,13913.148788927336,2021
75107,10,47947,16590.657439446368,2021
75107,10,47947,16590.657439446368,2021
75107,10,47947,16590.657439446368,2021
75107,10,47947,16590.657439446368,2021
75107,10,47947,16590.657439446368,2021
75107,10,47947,16590.657439446368,2021
75107,10,47947,16590.657439446368,2021
75107,10,47947,16590.657439446368,2021
75107,10,47947,16590.657439446368,2021
75107,10,47947,16590.657439446368,2021
75107,10,47947,16590.657439446368,2021
75107,10,47947,16590.657439446368,2021
75107,10,47947,16590.657439446368,2021
75107,10,47947,16590.657439446368,2021
75107,10,47947,16590.657439446368,2021
75108,10,35123,12153.287197231833,2021
75108,10,35123,12153.287197231833,2021
75108,10,35123,12153.287197231833,2021
75108,10,35123,12153.287197231833,2021
75108,10,35123,12153.287197231833,2021
75108,10,35123,12153.287197231833,2021
75108,10,35123,12153.287197231833,2021
75108,10,35123,12153.287197231833,2021
75108,10,35123,12153.287197231833,2021
75108,10,35123,12153.287197231833,2021
75108,10,35123,12153.287197231833,2021
75108,10,35123,12153.287197231833,2021
75108,10,35123,12153.287197231833,2021
75108,10,35123,12153.287197231833,2021
75108,10,35123,12153.287197231833,2021
75109,10,58951,20398.26989619377,2021
75109,10,58951,20398.26989619377,2021
75109,10,58951,20398.26989619377,2021
75109,10,58951,20398.26989619377,2021
75109,10,58951,20398.26989619377,2021
75109,10,58951,20398.26989619377,2021
75109,10,58951,20398.26989619377,2021
75109,10,58951,20398.26989619377,2021
75109,10,58951,20398.26989619377,2021
75109,10,58951,20398.26989619377,2021
75109,10,58951,20398.26989619377,2021
75109,10,58951,20398.26989619377,2021
75109,10,58951,20398.26989619377,2021
75109,10,58951,20398.26989619377,2021
75109,10,58951,20398.26989619377,2021
75110,11,83543,22763.76021798365,2021
75110,11,83543,22763.76021798365,2021
75110,11,83543,22763.76021798365,2021
75110,11,83543,22763.76021798365,2021
75110,11,83543,22763.76021798365,2021
75110,11,83543,22763.76021798365,2021
75110,11,83543,22763.76021798365,2021
75110,11,83543,22763.76021798365,2021
75110,11,83543,22763.76021798365,2021
75110,11,83543,22763.76021798365,2021
75110,11,83543,22763.76021798365,2021
75110,11,83543,22763.76021798365,2021
75110,11,83543,22763.76021798365,2021
75110,11,83543,22763.76021798365,2021
75110,11,83543,22763.76021798365,2021
75111,11,142583,38850.953678474114,2021
75111,11,142583,38850.953678474114,2021
75111,11,142583,38850.953678474114,2021
75111,11,142583,38850.953678474114,2021
75111,11,142583,38850.953678474114,2021
75111,11,142583,38850.953678474114,2021
75111,11,142583,38850.953678474114,2021
75111,11,142583,38850.953678474114,2021
75111,11,142583,38850.953678474114,2021
75111,11,142583,38850.953678474114,2021
75111,11,142583,38850.953678474114,2021
75111,11,142583,38850.953678474114,2021
75111,11,142583,38850.953678474114,2021
75111,11,142583,38850.953678474114,2021
75111,11,142583,38850.953678474114,2021
75112,11,140954,38407.08446866485,2021
75112,11,140954,38407.08446866485,2021
75112,11,140954,38407.08446866485,2021
75112,11,140954,38407.08446866485,2021
75112,11,140954,38407.08446866485,2021
75112,11,140954,38407.08446866485,2021
75112,11,140954,38407.08446866485,2021
75112,11,140954,38407.08446866485,2021
75112,11,140954,38407.08446866485,2021
75112,11,140954,38407.08446866485,2021
75112,11,140954,38407.08446866485,2021
75112,11,140954,38407.08446866485,2021
75112,11,140954,38407.08446866485,2021
75112,11,140954,38407.08446866485,2021
75112,11,140954,38407.08446866485,2021
75113,11,178350,48596.73024523161,2021
75113,11,178350,48596.73024523161,2021
75113,11,178350,48596.73024523161,2021
75113,11,178350,48596.73024523161,2021
75113,11,178350,48596.73024523161,2021
75113,11,178350,48596.73024523161,2021
75113,11,178350,48596.73024523161,2021
75113,11,178350,48596.73024523161,2021
75113,11,178350,48596.73024523161,2021
75113,11,178350,48596.73024523161,2021
75113,11,178350,48596.73024523161,2021
75113,11,178350,48596.73024523161,2021
75113,11,178350,48596.73024523161,2021
75113,11,178350,48596.73024523161,2021
75113,11,178350,48596.73024523161,2021
75114,11,136368,37157.4931880109,2021
75114,11,136368,37157.4931880109,2021
75114,11,136368,37157.4931880109,2021
75114,11,136368,37157.4931880109,2021
75114,11,136368,37157.4931880109,2021
75114,11,136368,37157.4931880109,2021
75114,11,136368,37157.4931880109,2021
75114,11,136368,37157.4931880109,2021
75114,11,136368,37157.4931880109,2021
75114,11,136368,37157.4931880109,2021
75114,11,136368,37157.4931880109,2021
75114,11,136368,37157.4931880109,2021
75114,11,136368,37157.4931880109,2021
75114,11,136368,37157.4931880109,2021
75114,11,136368,37157.4931880109,2021
75115,11,227746,62056.130790190735,2021
75115,11,227746,62056.130790190735,2021
75115,11,227746,62056.130790190735,2021
75115,11,227746,62056.130790190735,2021
75115,11,227746,62056.130790190735,2021
75115,11,227746,62056.130790190735,2021
75115,11,227746,62056.130790190735,2021
75115,11,227746,62056.130790190735,2021
75115,11,227746,62056.130790190735,2021
75115,11,227746,62056.130790190735,2021
75115,11,227746,62056.130790190735,2021
75115,11,227746,62056.130790190735,2021
75115,11,227746,62056.130790190735,2021
75115,11,227746,62056.130790190735,2021
75115,11,227746,62056.130790190735,2021
75116,11,162061,44158.310626703,2021
75116,11,162061,44158.310626703,2021
75116,11,162061,44158.310626703,2021
75116,11,162061,44158.310626703,2021
75116,11,162061,44158.310626703,2021
75116,11,162061,44158.310626703,2021
75116,11,162061,44158.310626703,2021
75116,11,162061,44158.310626703,2021
75116,11,162061,44158.310626703,2021
75116,11,162061,44158.310626703,2021
75116,11,162061,44158.310626703,2021
75116,11,162061,44158.310626703,2021
75116,11,162061,44158.310626703,2021
75116,11,162061,44158.310626703,2021
75116,11,162061,44158.310626703,2021
75117,11,164413,44799.182561307905,2021
75117,11,164413,44799.182561307905,2021
75117,11,164413,44799.182561307905,2021
75117,11,164413,44799.182561307905,2021
75117,11,164413,44799.182561307905,2021
75117,11,164413,44799.182561307905,2021
75117,11,164413,44799.182561307905,2021
75117,11,164413,44799.182561307905,2021
75117,11,164413,44799.182561307905,2021
75117,11,164413,44799.182561307905,2021
75117,11,164413,44799.182561307905,2021
75117,11,164413,44799.182561307905,2021
75117,11,164413,44799.182561307905,2021
75117,11,164413,44799.182561307905,2021
75117,11,164413,44799.182561307905,2021
75118,11,188446,51347.68392370572,2021
75118,11,188446,51347.68392370572,2021
75118,11,188446,51347.68392370572,2021
75118,11,188446,51347.68392370572,2021
75118,11,188446,51347.68392370572,2021
75118,11,188446,51347.68392370572,2021
75118,11,188446,51347.68392370572,2021
75118,11,188446,51347.68392370572,2021
75118,11,188446,51347.68392370572,2021
75118,11,188446,51347.68392370572,2021
75118,11,188446,51347.68392370572,2021
75118,11,188446,51347.68392370572,2021
75118,11,188446,51347.68392370572,2021
75118,11,188446,51347.68392370572,2021
75118,11,188446,51347.68392370572,2021
75119,11,181616,49486.6485013624,2021
75119,11,181616,49486.6485013624,2021
75119,11,181616,49486.6485013624,2021
75119,11,181616,49486.6485013624,2021
75119,11,181616,49486.6485013624,2021
75119,11,181616,49486.6485013624,2021
75119,11,181616,49486.6485013624,2021
75119,11,181616,49486.6485013624,2021
75119,11,181616,49486.6485013624,2021
75119,11,181616,49486.6485013624,2021
75119,11,181616,49486.6485013624,2021
75119,11,181616,49486.6485013624,2021
75119,11,181616,49486.6485013624,2021
75119,11,181616,49486.6485013624,2021
75119,11,181616,49486.6485013624,2021
75120,12,189805,29750.0,2021
75120,12,189805,29750.0,2021
75120,12,189805,29750.0,2021
75120,12,189805,29750.0,2021
75120,12,189805,29750.0,2021
75120,12,189805,29750.0,2021
75120,12,189805,29750.0,2021
75120,12,189805,29750.0,2021
75120,12,189805,29750.0,2021
75120,12,189805,29750.0,2021
75120,12,189805,29750.0,2021
75120,12,189805,29750.0,2021
75120,12,189805,29750.0,2021
75120,12,189805,29750.0,2021
75120,12,189805,29750.0,2021
75101,10,15475,5354.671280276816,2022
75101,10,15475,5354.671280276816,2022
75101,10,15475,5354.671280276816,2022
75101,10,15475,5354.671280276816,2022
75101,10,15475,5354.671280276816,2022
75101,10,15475,5354.671280276816,2022
75101,10,15475,5354.671280276816,2022
75101,10,15475,5354.671280276816,2022
75101,10,15475,5354.671280276816,2022
75101,10,15475,5354.671280276816,2022
75101,10,15475,5354.671280276816,2022
75101,10,15475,5354.671280276816,2022
75101,10,15475,5354.671280276816,2022
75101,10,15475,5354.671280276816,2022
75101,10,15475,5354.671280276816,2022
75102,10,20433,7070.242214532872,2022
75102,10,20433,7070.242214532872,2022
75102,10,20433,7070.242214532872,2022
75102,10,20433,7070.242214532872,2022
75102,10,20433,7070.242214532872,2022
75102,10,20433,7070.242214532872,2022
75102,10,20433,7070.242214532872,2022
75102,10,20433,7070.242214532872,2022
75102,10,20433,7070.242214532872,2022
75102,10,20433,7070.242214532872,2022
75102,10,20433,7070.242214532872,2022
75102,10,20433,7070.242214532872,2022
75102,10,20433,7070.242214532872,2022
75102,10,20433,7070.242214532872,2022
75102,10,20433,7070.242214532872,2022
75103,10,32772,11339.792387543252,2022
75103,10,32772,11339.792387543252,2022
75103,10,32772,11339.792387543252,2022
75103,10,32772,11339.792387543252,2022
75103,10,32772,11339.792387543252,2022
75103,10,32772,11339.792387543252,2022
75103,10,32772,11339.792387543252,2022
75103,10,32772,11339.792387543252,2022
75103,10,32772,11339.792387543252,2022
75103,10,32772,11339.792387543252,2022
75103,10,32772,11339.792387543252,2022
75103,10,32772,11339.792387543252,2022
75103,10,32772,11339.792387543252,2022
75103,10,32772,11339.792387543252,2022
75103,10,32772,11339.792387543252,2022
75104,10,28039,9702.076124567473,2022
75104,10,28039,9702.076124567473,2022
75104,10,28039,9702.076124567473,2022
75104,10,28039,9702.076124567473,2022
75104,10,28039,9702.076124567473,2022
75104,10,28039,9702.076124567473,2022
75104,10,28039,9702.076124567473,2022
75104,10,28039,9702.076124567473,2022
75104,10,28039,9702.076124567473,2022
75104,10,28039,9702.076124567473,2022
75104,10,28039,9702.076124567473,2022
75104,10,28039,9702.076124567473,2022
75104,10,28039,9702.076124567473,2022
75104,10,28039,9702.076124567473,2022
75104,10,28039,9702.076124567473,2022
75105,10,55925,19351.21107266436,2022
75105,10,55925,19351.21107266436,2022
75105,10,55925,19351.21107266436,2022
75105,10,55925,19351.21107266436,2022
75105,10,55925,19351.21107266436,2022
75105,10,55925,19351.21107266436,2022
75105,10,55925,19351.21107266436,2022
75105,10,55925,19351.21107266436,2022
75105,10,55925,19351.21107266436,2022
75105,10,55925,19351.21107266436,2022
75105,10,55925,19351.21107266436,2022
75105,10,55925,19351.21107266436,2022
75105,10,55925,19351.21107266436,2022
75105,10,55925,19351.21107266436,2022
75105,10,55925,19351.21107266436,2022
75106,10,40432,13990.31141868512,2022
75106,10,40432,13990.31141868512,2022
75106,10,40432,13990.31141868512,2022
75106,10,40432,13990.31141868512,2022
75106,10,40432,13990.31141868512,2022
75106,10,40432,13990.31141868512,2022
75106,10,40432,13990.31141868512,2022
75106,10,40432,13990.31141868512,2022
75106,10,40432,13990.31141868512,2022
75106,10,40432,13990.31141868512,2022
75106,10,40432,13990.31141868512,2022
75106,10,40432,13990.31141868512,2022
75106,10,40432,13990.31141868512,2022
75106,10,40432,13990.31141868512,2022
75106,10,40432,13990.31141868512,2022
75107,10,48196,16676.816608996538,2022
75107,10,48196,16676.816608996538,2022
75107,10,48196,16676.816608996538,2022
75107,10,48196,16676.816608996538,2022
75107,10,48196,16676.816608996538,2022
75107,10,48196,16676.816608996538,2022
75107,10,48196,16676.816608996538,2022
75107,10,48196,16676.816608996538,2022
75107,10,48196,16676.816608996538,2022
75107,10,48196,16676.816608996538,2022
75107,10,48196,16676.816608996538,2022
75107,10,48196,16676.816608996538,2022
75107,10,48196,16676.816608996538,2022
75107,10,48196,16676.816608996538,2022
75107,10,48196,16676.816608996538,2022
75108,10,35418,12255.363321799308,2022
75108,10,35418,12255.363321799308,2022
75108,10,35418,12255.363321799308,2022
75108,10,35418,12255.363321799308,2022
75108,10,35418,12255.363321799308,2022
75108,10,35418,12255.363321799308,2022
75108,10,35418,12255.363321799308,2022
75108,10,35418,12255.363321799308,2022
75108,10,35418,12255.363321799308,2022
75108,10,35418,12255.363321799308,2022
75108,10,35418,12255.363321799308,2022
75108,10,35418,12255.363321799308,2022
75108,10,35418,12255.363321799308,2022
75108,10,35418,12255.363321799308,2022
75108,10,35418,12255.363321799308,2022
75109,10,58419,20214.18685121107,2022
75109,10,58419,20214.18685121107,2022
75109,10,58419,20214.18685121107,2022
75109,10,58419,20214.18685121107,2022
75109,10,58419,20214.18685121107,2022
75109,10,58419,20214.18685121107,2022
75109,10,58419,20214.18685121107,2022
75109,10,58419,20214.18685121107,2022
75109,10,58419,20214.18685121107,2022
75109,10,58419,20214.18685121107,2022
75109,10,58419,20214.18685121107,2022
75109,10,58419,20214.18685121107,2022
75109,10,58419,20214.18685121107,2022
75109,10,58419,20214.18685121107,2022
75109,10,58419,20214.18685121107,2022
75110,11,81926,22323.160762942778,2022
75110,11,81926,22323.160762942778,2022
75110,11,81926,22323.160762942778,2022
75110,11,81926,22323.160762942778,2022
75110,11,81926,22323.160762942778,2022
75110,11,81926,22323.160762942778,2022
75110,11,81926,22323.160762942778,2022
75110,11,81926,22323.160762942778,2022
75110,11,81926,22323.160762942778,2022
75110,11,81926,22323.160762942778,2022
75110,11,81926,22323.160762942778,2022
75110,11,81926,22323.160762942778,2022
75110,11,81926,22323.160762942778,2022
75110,11,81926,22323.160762942778,2022
75110,11,81926,22323.160762942778,2022
75111,11,139983,38142.5068119891,2022
75111,11,139983,38142.5068119891,2022
75111,11,139983,38142.5068119891,2022
75111,11,139983,38142.5068119891,2022
75111,11,139983,38142.5068119891,2022
75111,11,139983,38142.5068119891,2022
75111,11,139983,38142.5068119891,2022
75111,11,139983,38142.5068119891,2022
75111,11,139983,38142.5068119891,2022
75111,11,139983,38142.5068119891,2022
75111,11,139983,38142.5068119891,2022
75111,11,139983,38142.5068119891,2022
75111,11,139983,38142.5068119891,2022
75111,11,139983,38142.5068119891,2022
75111,11,139983,38142.5068119891,2022
75112,11,139788,38089.37329700273,2022
75112,11,139788,38089.37329700273,2022
75112,11,139788,38089.37329700273,2022
75112,11,139788,38089.37329700273,2022
75112,11,139788,38089.37329700273,2022
75112,11,139788,38089.37329700273,2022
75112,11,139788,38089.37329700273,2022
75112,11,139788,38089.37329700273,2022
75112,11,139788,38089.37329700273,2022
75112,11,139788,38089.37329700273,2022
75112,11,139788,38089.37329700273,2022
75112,11,139788,38089.37329700273,2022
75112,11,139788,38089.37329700273,2022
75112,11,139788,38089.37329700273,2022
75112,11,139788,38089.37329700273,2022
75113,11,177735,48429.1553133515,2022
75113,11,177735,48429.1553133515,2022
75113,11,177735,48429.1553133515,2022
75113,11,177735,48429.1553133515,2022
75113,11,177735,48429.1553133515,2022
75113,11,177735,48429.1553133515,2022
75113,11,177735,48429.1553133515,2022
75113,11,177735,48429.1553133515,2022
75113,11,177735,48429.1553133515,2022
75113,11,177735,48429.1553133515,2022
75113,11,177735,48429.1553133515,2022
75113,11,177735,48429.1553133515,2022
75113,11,177735,48429.1553133515,2022
75113,11,177735,48429.1553133515,2022
75113,11,177735,48429.1553133515,2022
75114,11,137581,37488.01089918256,2022
75114,11,137581,37488.01089918256,2022
75114,11,137581,37488.01089918256,2022
75114,11,137581,37488.01089918256,2022
75114,11,137581,37488.01089918256,2022
75114,11,137581,37488.01089918256,2022
75114,11,137581,37488.01089918256,2022
75114,11,137581,37488.01089918256,2022
75114,11,137581,37488.01089918256,2022
75114,11,137581,37488.01089918256,2022
75114,11,137581,37488.01089918256,2022
75114,11,137581,37488.01089918256,2022
75114,11,137581,37488.01089918256,2022
75114,11,137581,37488.01089918256,2022
75114,11,137581,37488.01089918256,2022
75115,11,228754,62330.79019073569,2022
75115,11,228754,62330.79019073569,2022
75115,11,228754,62330.79019073569,2022
75115,11,228754,62330.79019073569,2022
75115,11,228754,62330.79019073569,2022
75115,11,228754,62330.79019073569,2022
75115,11,228754,62330.79019073569,2022
75115,11,228754,62330.79019073569,2022
75115,11,228754,62330.79019073569,2022
75115,11,228754,62330.79019073569,2022
75115,11,228754,62330.79019073569,2022
75115,11,228754,62330.79019073569,2022
75115,11,228754,62330.79019073569,2022
75115,11,228754,62330.79019073569,2022
75115,11,228754,62330.79019073569,2022
75116,11,159733,43523.978201634876,2022
75116,11,159733,43523.978201634876,2022
75116,11,159733,43523.978201634876,2022
75116,11,159733,43523.978201634876,2022
75116,11,159733,43523.978201634876,2022
75116,11,159733,43523.978201634876,2022
75116,11,159733,43523.978201634876,2022
75116,11,159733,43523.978201634876,2022
75116,11,159733,43523.978201634876,2022
75116,11,159733,43523.978201634876,2022
75116,11,159733,43523.978201634876,2022
75116,11,159733,43523.978201634876,2022
75116,11,159733,43523.978201634876,2022
75116,11,159733,43523.978201634876,2022
75116,11,159733,43523.978201634876,2022
75117,11,161206,43925.34059945504,2022
75117,11,161206,43925.34059945504,2022
75117,11,161206,43925.34059945504,2022
75117,11,161206,43925.34059945504,2022
75117,11,161206,43925.34059945504,2022
75117,11,161206,43925.34059945504,2022
75117,11,161206,43925.34059945504,2022
75117,11,161206,43925.34059945504,2022
75117,11,161206,43925.34059945504,2022
75117,11,161206,43925.34059945504,2022
75117,11,161206,43925.34059945504,2022
75117,11,161206,43925.34059945504,2022
75117,11,161206,43925.34059945504,2022
75117,11,161206,43925.34059945504,2022
75117,11,161206,43925.34059945504,2022
75118,11,185825,50633.51498637602,2022
75118,11,185825,50633.51498637602,2022
75118,11,185825,50633.51498637602,2022
75118,11,185825,50633.51498637602,2022
75118,11,185825,50633.51498637602,2022
75118,11,185825,50633.51498637602,2022
75118,11,185825,50633.51498637602,2022
75118,11,185825,50633.51498637602,2022
75118,11,185825,50633.51498637602,2022
75118,11,185825,50633.51498637602,2022
75118,11,185825,50633.51498637602,2022
75118,11,185825,50633.51498637602,2022
75118,11,185825,50633.51498637602,2022
75118,11,185825,50633.51498637602,2022
75118,11,185825,50633.51498637602,2022
75119,11,178371,48602.4523160763,2022
75119,11,178371,48602.4523160763,2022
75119,11,178371,48602.4523160763,2022
75119,11,178371,48602.4523160763,2022
75119,11,178371,48602.4523160763,2022
75119,11,178371,48602.4523160763,2022
75119,11,178371,48602.4523160763,2022
75119,11,178371,48602.4523160763,2022
75119,11,178371,48602.4523160763,2022
75119,11,178371,48602.4523160763,2022
75119,11,178371,48602.4523160763,2022
75119,11,178371,48602.4523160763,2022
75119,11,178371,48602.4523160763,2022
75119,11,178371,48602.4523160763,2022
75119,11,178371,48602.4523160763,2022
75120,12,187694,29419.122257053292,2022
75120,12,187694,29419.122257053292,2022
75120,12,187694,29419.122257053292,2022
75120,12,187694,29419.122257053292,2022
75120,12,187694,29419.122257053292,2022
75120,12,187694,29419.122257053292,2022
75120,12,187694,29419.122257053292,2022
75120,12,187694,29419.122257053292,2022
75120,12,187694,29419.122257053292,2022
75120,12,187694,29419.122257053292,2022
75120,12,187694,29419.122257053292,2022
75120,12,187694,29419.122257053292,2022
75120,12,187694,29419.122257053292,2022
75120,12,187694,29419.122257053292,2022
75120,12,187694,29419.122257053292,2022
75101,10,15475,5354.671280276816,2023
75101,10,15475,5354.671280276816,2023
75101,10,15475,5354.671280276816,2023
75101,10,15475,5354.671280276816,2023
75101,10,15475,5354.671280276816,2023
75101,10,15475,5354.671280276816,2023
75101,10,15475,5354.671280276816,2023
75101,10,15475,5354.671280276816,2023
75101,10,15475,5354.671280276816,2023
75101,10,15475,5354.671280276816,2023
75101,10,15475,5354.671280276816,2023
75101,10,15475,5354.671280276816,2023
75101,10,15475,5354.671280276816,2023
75101,10,15475,5354.671280276816,2023
75101,10,15475,5354.671280276816,2023
75102,10,20433,7070.242214532872,2023
75102,10,20433,7070.242214532872,2023
75102,10,20433,7070.242214532872,2023
75102,10,20433,7070.242214532872,2023
75102,10,20433,7070.242214532872,2023
75102,10,20433,7070.242214532872,2023
75102,10,20433,7070.242214532872,2023
75102,10,20433,7070.242214532872,2023
75102,10,20433,7070.242214532872,2023
75102,10,20433,7070.242214532872,2023
75102,10,20433,7070.242214532872,2023
75102,10,20433,7070.242214532872,2023
75102,10,20433,7070.242214532872,2023
75102,10,20433,7070.242214532872,2023
75102,10,20433,7070.242214532872,2023
75103,10,32772,11339.792387543252,2023
75103,10,32772,11339.792387543252,2023
75103,10,32772,11339.792387543252,2023
75103,10,32772,11339.792387543252,2023
75103,10,32772,11339.792387543252,2023
75103,10,32772,11339.792387543252,2023
75103,10,32772,11339.792387543252,2023
75103,10,32772,11339.792387543252,2023
75103,10,32772,11339.792387543252,2023
75103,10,32772,11339.792387543252,2023
75103,10,32772,11339.792387543252,2023
75103,10,32772,11339.792387543252,2023
75103,10,32772,11339.792387543252,2023
75103,10,32772,11339.792387543252,2023
75103,10,32772,11339.792387543252,2023
75104,10,28039,9702.076124567473,2023
75104,10,28039,9702.076124567473,2023
75104,10,28039,9702.076124567473,2023
75104,10,28039,9702.076124567473,2023
75104,10,28039,9702.076124567473,2023
75104,10,28039,9702.076124567473,2023
75104,10,28039,9702.076124567473,2023
75104,10,28039,9702.076124567473,2023
75104,10,28039,9702.076124567473,2023
75104,10,28039,9702.076124567473,2023
75104,10,28039,9702.076124567473,2023
75104,10,28039,9702.076124567473,2023
75104,10,28039,9702.076124567473,2023
75104,10,28039,9702.076124567473,2023
75104,10,28039,9702.076124567473,2023
75105,10,55925,19351.21107266436,2023
75105,10,55925,19351.21107266436,2023
75105,10,55925,19351.21107266436,2023
75105,10,55925,19351.21107266436,2023
75105,10,55925,19351.21107266436,2023
75105,10,55925,19351.21107266436,2023
75105,10,55925,19351.21107266436,2023
75105,10,55925,19351.21107266436,2023
75105,10,55925,19351.21107266436,2023
75105,10,55925,19351.21107266436,2023
75105,10,55925,19351.21107266436,2023
75105,10,55925,19351.21107266436,2023
75105,10,55925,19351.21107266436,2023
75105,10,55925,19351.21107266436,2023
75105,10,55925,19351.21107266436,2023
75106,10,40432,13990.31141868512,2023
75106,10,40432,13990.31141868512,2023
75106,10,40432,13990.31141868512,2023
75106,10,40432,13990.31141868512,2023
75106,10,40432,13990.31141868512,2023
75106,10,40432,13990.31141868512,2023
75106,10,40432,13990.31141868512,2023
75106,10,40432,13990.31141868512,2023
75106,10,40432,13990.31141868512,2023
75106,10,40432,13990.31141868512,2023
75106,10,40432,13990.31141868512,2023
75106,10,40432,13990.31141868512,2023
75106,10,40432,13990.31141868512,2023
75106,10,40432,13990.31141868512,2023
75106,10,40432,13990.31141868512,2023
75107,10,48196,16676.816608996538,2023
75107,10,48196,16676.816608996538,2023
75107,10,48196,16676.816608996538,2023
75107,10,48196,16676.816608996538,2023
75107,10,48196,16676.816608996538,2023
75107,10,48196,16676.816608996538,2023
75107,10,48196,16676.816608996538,2023
75107,10,48196,16676.816608996538,2023
75107,10,48196,16676.816608996538,2023
75107,10,48196,16676.816608996538,2023
75107,10,48196,16676.816608996538,2023
75107,10,48196,16676.816608996538,2023
75107,10,48196,16676.816608996538,2023
75107,10,48196,16676.816608996538,2023
75107,10,48196,16676.816608996538,2023
75108,10,35418,12255.363321799308,2023
75108,10,35418,12255.363321799308,2023
75108,10,35418,12255.363321799308,2023
75108,10,35418,12255.363321799308,2023
75108,10,35418,12255.363321799308,2023
75108,10,35418,12255.363321799308,2023
75108,10,35418,12255.363321799308,2023
75108,10,35418,12255.363321799308,2023
75108,10,35418,12255.363321799308,2023
75108,10,35418,12255.363321799308,2023
75108,10,35418,12255.363321799308,2023
75108,10,35418,12255.363321799308,2023
75108,10,35418,12255.363321799308,2023
75108,10,35418,12255.363321799308,2023
75108,10,35418,12255.363321799308,2023
75109,10,58419,20214.18685121107,2023
75109,10,58419,20214.18685121107,2023
75109,10,58419,20214.18685121107,2023
75109,10,58419,20214.18685121107,2023
75109,10,58419,20214.18685121107,2023
75109,10,58419,20214.18685121107,2023
75109,10,58419,20214.18685121107,2023
75109,10,58419,20214.18685121107,2023
75109,10,58419,20214.18685121107,2023
75109,10,58419,20214.18685121107,2023
75109,10,58419,20214.18685121107,2023
75109,10,58419,20214.18685121107,2023
75109,10,58419,20214.18685121107,2023
75109,10,58419,20214.18685121107,2023
75109,10,58419,20214.18685121107,2023
75110,11,81926,22323.160762942778,2023
75110,11,81926,22323.160762942778,2023
75110,11,81926,22323.160762942778,2023
75110,11,81926,22323.160762942778,2023
75110,11,81926,22323.160762942778,2023
75110,11,81926,22323.160762942778,2023
75110,11,81926,22323.160762942778,2023
75110,11,81926,22323.160762942778,2023
75110,11,81926,22323.160762942778,2023
75110,11,81926,22323.160762942778,2023
75110,11,81926,22323.160762942778,2023
75110,11,81926,22323.160762942778,2023
75110,11,81926,22323.160762942778,2023
75110,11,81926,22323.160762942778,2023
75110,11,81926,22323.160762942778,2023
75111,11,139983,38142.5068119891,2023
75111,11,139983,38142.5068119891,2023
75111,11,139983,38142.5068119891,2023
75111,11,139983,38142.5068119891,2023
75111,11,139983,38142.5068119891,2023
75111,11,139983,38142.5068119891,2023
75111,11,139983,38142.5068119891,2023
75111,11,139983,38142.5068119891,2023
75111,11,139983,38142.5068119891,2023
75111,11,139983,38142.5068119891,2023
75111,11,139983,38142.5068119891,2023
75111,11,139983,38142.5068119891,2023
75111,11,139983,38142.5068119891,2023
75111,11,139983,38142.5068119891,2023
75111,11,139983,38142.5068119891,2023
75112,11,139788,38089.37329700273,2023
75112,11,139788,38089.37329700273,2023
75112,11,139788,38089.37329700273,2023
75112,11,139788,38089.37329700273,2023
75112,11,139788,38089.37329700273,2023
75112,11,139788,38089.37329700273,2023
75112,11,139788,38089.37329700273,2023
75112,11,139788,38089.37329700273,2023
75112,11,139788,38089.37329700273,2023
75112,11,139788,38089.37329700273,2023
75112,11,139788,38089.37329700273,2023
75112,11,139788,38089.37329700273,2023
75112,11,139788,38089.37329700273,2023
75112,11,139788,38089.37329700273,2023
75112,11,139788,38089.37329700273,2023
75113,11,177735,48429.1553133515,2023
75113,11,177735,48429.1553133515,2023
75113,11,177735,48429.1553133515,2023
75113,11,177735,48429.1553133515,2023
75113,11,177735,48429.1553133515,2023
75113,11,177735,48429.1553133515,2023
75113,11,177735,48429.1553133515,2023
75113,11,177735,48429.1553133515,2023
75113,11,177735,48429.1553133515,2023
75113,11,177735,48429.1553133515,2023
75113,11,177735,48429.1553133515,2023
75113,11,177735,48429.1553133515,2023
75113,11,177735,48429.1553133515,2023
75113,11,177735,48429.1553133515,2023
75113,11,177735,48429.1553133515,2023
75114,11,137581,37488.01089918256,2023
75114,11,137581,37488.01089918256,2023
75114,11,137581,37488.01089918256,2023
75114,11,137581,37488.01089918256,2023
75114,11,137581,37488.01089918256,2023
75114,11,137581,37488.01089918256,2023
75114,11,137581,37488.01089918256,2023
75114,11,137581,37488.01089918256,2023
75114,11,137581,37488.01089918256,2023
75114,11,137581,37488.01089918256,2023
75114,11,137581,37488.01089918256,2023
75114,11,137581,37488.01089918256,2023
75114,11,137581,37488.01089918256,2023
75114,11,137581,37488.01089918256,2023
75114,11,137581,37488.01089918256,2023
75115,11,228754,62330.79019073569,2023
75115,11,228754,62330.79019073569,2023
75115,11,228754,62330.79019073569,2023
75115,11,228754,62330.79019073569,2023
75115,11,228754,62330.79019073569,2023
75115,11,228754,62330.79019073569,2023
75115,11,228754,62330.79019073569,2023
75115,11,228754,62330.79019073569,2023
75115,11,228754,62330.79019073569,2023
75115,11,228754,62330.79019073569,2023
75115,11,228754,62330.79019073569,2023
75115,11,228754,62330.79019073569,2023
75115,11,228754,62330.79019073569,2023
75115,11,228754,62330.79019073569,2023
75115,11,228754,62330.79019073569,2023
75116,11,159733,43523.978201634876,2023
75116,11,159733,43523.978201634876,2023
75116,11,159733,43523.978201634876,2023
75116,11,159733,43523.978201634876,2023
75116,11,159733,43523.978201634876,2023
75116,11,159733,43523.978201634876,2023
75116,11,159733,43523.978201634876,2023
75116,11,159733,43523.978201634876,2023
75116,11,159733,43523.978201634876,2023
75116,11,159733,43523.978201634876,2023
75116,11,159733,43523.978201634876,2023
75116,11,159733,43523.978201634876,2023
75116,11,159733,43523.978201634876,2023
75116,11,159733,43523.978201634876,2023
75116,11,159733,43523.978201634876,2023
75117,11,161206,43925.34059945504,2023
75117,11,161206,43925.34059945504,2023
75117,11,161206,43925.34059945504,2023
75117,11,161206,43925.34059945504,2023
75117,11,161206,43925.34059945504,2023
75117,11,161206,43925.34059945504,2023
75117,11,161206,43925.34059945504,2023
75117,11,161206,43925.34059945504,2023
75117,11,161206,43925.34059945504,2023
75117,11,161206,43925.34059945504,2023
75117,11,161206,43925.34059945504,2023
75117,11,161206,43925.34059945504,2023
75117,11,161206,43925.34059945504,2023
75117,11,161206,43925.34059945504,2023
75117,11,161206,43925.34059945504,2023
75118,11,185825,50633.51498637602,2023
75118,11,185825,50633.51498637602,2023
75118,11,185825,50633.51498637602,2023
75118,11,185825,50633.51498637602,2023
75118,11,185825,50633.51498637602,2023
75118,11,185825,50633.51498637602,2023
75118,11,185825,50633.51498637602,2023
75118,11,185825,50633.51498637602,2023
75118,11,185825,50633.51498637602,2023
75118,11,185825,50633.51498637602,2023
75118,11,185825,50633.51498637602,2023
75118,11,185825,50633.51498637602,2023
75118,11,185825,50633.51498637602,2023
75118,11,185825,50633.51498637602,2023
75118,11,185825,50633.51498637602,2023
75119,11,178371,48602.4523160763,2023
75119,11,178371,48602.4523160763,2023
75119,11,178371,48602.4523160763,2023
75119,11,178371,48602.4523160763,2023
75119,11,178371,48602.4523160763,2023
75119,11,178371,48602.4523160763,2023
75119,11,178371,48602.4523160763,2023
75119,11,178371,48602.4523160763,2023
75119,11,178371,48602.4523160763,2023
75119,11,178371,48602.4523160763,2023
75119,11,178371,48602.4523160763,2023
75119,11,178371,48602.4523160763,2023
75119,11,178371,48602.4523160763,2023
75119,11,178371,48602.4523160763,2023
75119,11,178371,48602.4523160763,2023
75120,12,187694,29419.122257053292,2023
75120,12,187694,29419.122257053292,2023
75120,12,187694,29419.122257053292,2023
75120,12,187694,29419.122257053292,2023
75120,12,187694,29419.122257053292,2023
75120,12,187694,29419.122257053292,2023
75120,12,187694,29419.122257053292,2023
75120,12,187694,29419.122257053292,2023
75120,12,187694,29419.122257053292,2023
75120,12,187694,29419.122257053292,2023
75120,12,187694,29419.122257053292,2023
75120,12,187694,29419.122257053292,2023
75120,12,187694,29419.122257053292,2023
75120,12,187694,29419.122257053292,2023
75120,12,187694,29419.122257053292,2023
75101,10,15475,5354.671280276816,2024
75101,10,15475,5354.671280276816,2024
75101,10,15475,5354.671280276816,2024
75101,10,15475,5354.671280276816,2024
75101,10,15475,5354.671280276816,2024
75101,10,15475,5354.671280276816,2024
75101,10,15475,5354.671280276816,2024
75101,10,15475,5354.671280276816,2024
75101,10,15475,5354.671280276816,2024
75101,10,15475,5354.671280276816,2024
75101,10,15475,5354.671280276816,2024
75101,10,15475,5354.671280276816,2024
75101,10,15475,5354.671280276816,2024
75101,10,15475,5354.671280276816,2024
75101,10,15475,5354.671280276816,2024
75102,10,20433,7070.242214532872,2024
75102,10,20433,7070.242214532872,2024
75102,10,20433,7070.242214532872,2024
75102,10,20433,7070.242214532872,2024
75102,10,20433,7070.242214532872,2024
75102,10,20433,7070.242214532872,2024
75102,10,20433,7070.242214532872,2024
75102,10,20433,7070.242214532872,2024
75102,10,20433,7070.242214532872,2024
75102,10,20433,7070.242214532872,2024
75102,10,20433,7070.242214532872,2024
75102,10,20433,7070.242214532872,2024
75102,10,20433,7070.242214532872,2024
75102,10,20433,7070.242214532872,2024
75102,10,20433,7070.242214532872,2024
75103,10,32772,11339.792387543252,2024
75103,10,32772,11339.792387543252,2024
75103,10,32772,11339.792387543252,2024
75103,10,32772,11339.792387543252,2024
75103,10,32772,11339.792387543252,2024
75103,10,32772,11339.792387543252,2024
75103,10,32772,11339.792387543252,2024
75103,10,32772,11339.792387543252,2024
75103,10,32772,11339.792387543252,2024
75103,10,32772,11339.792387543252,2024
75103,10,32772,11339.792387543252,2024
75103,10,32772,11339.792387543252,2024
75103,10,32772,11339.792387543252,2024
75103,10,32772,11339.792387543252,2024
75103,10,32772,11339.792387543252,2024
75104,10,28039,9702.076124567473,2024
75104,10,28039,9702.076124567473,2024
75104,10,28039,9702.076124567473,2024
75104,10,28039,9702.076124567473,2024
75104,10,28039,9702.076124567473,2024
75104,10,28039,9702.076124567473,2024
75104,10,28039,9702.076124567473,2024
75104,10,28039,9702.076124567473,2024
75104,10,28039,9702.076124567473,2024
75104,10,28039,9702.076124567473,2024
75104,10,28039,9702.076124567473,2024
75104,10,28039,9702.076124567473,2024
75104,10,28039,9702.076124567473,2024
75104,10,28039,9702.076124567473,2024
75104,10,28039,9702.076124567473,2024
75105,10,55925,19351.21107266436,2024
75105,10,55925,19351.21107266436,2024
75105,10,55925,19351.21107266436,2024
75105,10,55925,19351.21107266436,2024
75105,10,55925,19351.21107266436,2024
75105,10,55925,19351.21107266436,2024
75105,10,55925,19351.21107266436,2024
75105,10,55925,19351.21107266436,2024
75105,10,55925,19351.21107266436,2024
75105,10,55925,19351.21107266436,2024
75105,10,55925,19351.21107266436,2024
75105,10,55925,19351.21107266436,2024
75105,10,55925,19351.21107266436,2024
75105,10,55925,19351.21107266436,2024
75105,10,55925,19351.21107266436,2024
75106,10,40432,13990.31141868512,2024
75106,10,40432,13990.31141868512,2024
75106,10,40432,13990.31141868512,2024
75106,10,40432,13990.31141868512,2024
75106,10,40432,13990.31141868512,2024
75106,10,40432,13990.31141868512,2024
75106,10,40432,13990.31141868512,2024
75106,10,40432,13990.31141868512,2024
75106,10,40432,13990.31141868512,2024
75106,10,40432,13990.31141868512,2024
75106,10,40432,13990.31141868512,2024
75106,10,40432,13990.31141868512,2024
75106,10,40432,13990.31141868512,2024
75106,10,40432,13990.31141868512,2024
75106,10,40432,13990.31141868512,2024
75107,10,48196,16676.816608996538,2024
75107,10,48196,16676.816608996538,2024
75107,10,48196,16676.816608996538,2024
75107,10,48196,16676.816608996538,2024
75107,10,48196,16676.816608996538,2024
75107,10,48196,16676.816608996538,2024
75107,10,48196,16676.816608996538,2024
75107,10,48196,16676.816608996538,2024
75107,10,48196,16676.816608996538,2024
75107,10,48196,16676.816608996538,2024
75107,10,48196,16676.816608996538,2024
75107,10,48196,16676.816608996538,2024
75107,10,48196,16676.816608996538,2024
75107,10,48196,16676.816608996538,2024
75107,10,48196,16676.816608996538,2024
75108,10,35418,12255.363321799308,2024
75108,10,35418,12255.363321799308,2024
75108,10,35418,12255.363321799308,2024
75108,10,35418,12255.363321799308,2024
75108,10,35418,12255.363321799308,2024
75108,10,35418,12255.363321799308,2024
75108,10,35418,12255.363321799308,2024
75108,10,35418,12255.363321799308,2024
75108,10,35418,12255.363321799308,2024
75108,10,35418,12255.363321799308,2024
75108,10,35418,12255.363321799308,2024
75108,10,35418,12255.363321799308,2024
75108,10,35418,12255.363321799308,2024
75108,10,35418,12255.363321799308,2024
75108,10,35418,12255.363321799308,2024
75109,10,58419,20214.18685121107,2024
75109,10,58419,20214.18685121107,2024
75109,10,58419,20214.18685121107,2024
75109,10,58419,20214.18685121107,2024
75109,10,58419,20214.18685121107,2024
75109,10,58419,20214.18685121107,2024
75109,10,58419,20214.18685121107,2024
75109,10,58419,20214.18685121107,2024
75109,10,58419,20214.18685121107,2024
75109,10,58419,20214.18685121107,2024
75109,10,58419,20214.18685121107,2024
75109,10,58419,20214.18685121107,2024
75109,10,58419,20214.18685121107,2024
75109,10,58419,20214.18685121107,2024
75109,10,58419,20214.18685121107,2024
75110,11,81926,22323.160762942778,2024
75110,11,81926,22323.160762942778,2024
75110,11,81926,22323.160762942778,2024
75110,11,81926,22323.160762942778,2024
75110,11,81926,22323.160762942778,2024
75110,11,81926,22323.160762942778,2024
75110,11,81926,22323.160762942778,2024
75110,11,81926,22323.160762942778,2024
75110,11,81926,22323.160762942778,2024
75110,11,81926,22323.160762942778,2024
75110,11,81926,22323.160762942778,2024
75110,11,81926,22323.160762942778,2024
75110,11,81926,22323.160762942778,2024
75110,11,81926,22323.160762942778,2024
75110,11,81926,22323.160762942778,2024
75111,11,139983,38142.5068119891,2024
75111,11,139983,38142.5068119891,2024
75111,11,139983,38142.5068119891,2024
75111,11,139983,38142.5068119891,2024
75111,11,139983,38142.5068119891,2024
75111,11,139983,38142.5068119891,2024
75111,11,139983,38142.5068119891,2024
75111,11,139983,38142.5068119891,2024
75111,11,139983,38142.5068119891,2024
75111,11,139983,38142.5068119891,2024
75111,11,139983,38142.5068119891,2024
75111,11,139983,38142.5068119891,2024
75111,11,139983,38142.5068119891,2024
75111,11,139983,38142.5068119891,2024
75111,11,139983,38142.5068119891,2024
75112,11,139788,38089.37329700273,2024
75112,11,139788,38089.37329700273,2024
75112,11,139788,38089.37329700273,2024
75112,11,139788,38089.37329700273,2024
75112,11,139788,38089.37329700273,2024
75112,11,139788,38089.37329700273,2024
75112,11,139788,38089.37329700273,2024
75112,11,139788,38089.37329700273,2024
75112,11,139788,38089.37329700273,2024
75112,11,139788,38089.37329700273,2024
75112,11,139788,38089.37329700273,2024
75112,11,139788,38089.37329700273,2024
75112,11,139788,38089.37329700273,2024
75112,11,139788,38089.37329700273,2024
75112,11,139788,38089.37329700273,2024
75113,11,177735,48429.1553133515,2024
75113,11,177735,48429.1553133515,2024
75113,11,177735,48429.1553133515,2024
75113,11,177735,48429.1553133515,2024
75113,11,177735,48429.1553133515,2024
75113,11,177735,48429.1553133515,2024
75113,11,177735,48429.1553133515,2024
75113,11,177735,48429.1553133515,2024
75113,11,177735,48429.1553133515,2024
75113,11,177735,48429.1553133515,2024
75113,11,177735,48429.1553133515,2024
75113,11,177735,48429.1553133515,2024
75113,11,177735,48429.1553133515,2024
75113,11,177735,48429.1553133515,2024
75113,11,177735,48429.1553133515,2024
75114,11,137581,37488.01089918256,2024
75114,11,137581,37488.01089918256,2024
75114,11,137581,37488.01089918256,2024
75114,11,137581,37488.01089918256,2024
75114,11,137581,37488.01089918256,2024
75114,11,137581,37488.01089918256,2024
75114,11,137581,37488.01089918256,2024
75114,11,137581,37488.01089918256,2024
75114,11,137581,37488.01089918256,2024
75114,11,137581,37488.01089918256,2024
75114,11,137581,37488.01089918256,2024
75114,11,137581,37488.01089918256,2024
75114,11,137581,37488.01089918256,2024
75114,11,137581,37488.01089918256,2024
75114,11,137581,37488.01089918256,2024
75115,11,228754,62330.79019073569,2024
75115,11,228754,62330.79019073569,2024
75115,11,228754,62330.79019073569,2024
75115,11,228754,62330.79019073569,2024
75115,11,228754,62330.79019073569,2024
75115,11,228754,62330.79019073569,2024
75115,11,228754,62330.79019073569,2024
75115,11,228754,62330.79019073569,2024
75115,11,228754,62330.79019073569,2024
75115,11,228754,62330.79019073569,2024
75115,11,228754,62330.79019073569,2024
75115,11,228754,62330.79019073569,2024
75115,11,228754,62330.79019073569,2024
75115,11,228754,62330.79019073569,2024
75115,11,228754,62330.79019073569,2024
75116,11,159733,43523.978201634876,2024
75116,11,159733,43523.978201634876,2024
75116,11,159733,43523.978201634876,2024
75116,11,159733,43523.978201634876,2024
75116,11,159733,43523.978201634876,2024
75116,11,159733,43523.978201634876,2024
75116,11,159733,43523.978201634876,2024
75116,11,159733,43523.978201634876,2024
75116,11,159733,43523.978201634876,2024
75116,11,159733,43523.978201634876,2024
75116,11,159733,43523.978201634876,2024
75116,11,159733,43523.978201634876,2024
75116,11,159733,43523.978201634876,2024
75116,11,159733,43523.978201634876,2024
75116,11,159733,43523.978201634876,2024
75117,11,161206,43925.34059945504,2024
75117,11,161206,43925.34059945504,2024
75117,11,161206,43925.34059945504,2024
75117,11,161206,43925.34059945504,2024
75117,11,161206,43925.34059945504,2024
75117,11,161206,43925.34059945504,2024
75117,11,161206,43925.34059945504,2024
75117,11,161206,43925.34059945504,2024
75117,11,161206,43925.34059945504,2024
75117,11,161206,43925.34059945504,2024
75117,11,161206,43925.34059945504,2024
75117,11,161206,43925.34059945504,2024
75117,11,161206,43925.34059945504,2024
75117,11,161206,43925.34059945504,2024
75117,11,161206,43925.34059945504,2024
75118,11,185825,50633.51498637602,2024
75118,11,185825,50633.51498637602,2024
75118,11,185825,50633.51498637602,2024
75118,11,185825,50633.51498637602,2024
75118,11,185825,50633.51498637602,2024
75118,11,185825,50633.51498637602,2024
75118,11,185825,50633.51498637602,2024
75118,11,185825,50633.51498637602,2024
75118,11,185825,50633.51498637602,2024
75118,11,185825,50633.51498637602,2024
75118,11,185825,50633.51498637602,2024
75118,11,185825,50633.51498637602,2024
75118,11,185825,50633.51498637602,2024
75118,11,185825,50633.51498637602,2024
75118,11,185825,50633.51498637602,2024
75119,11,178371,48602.4523160763,2024
75119,11,178371,48602.4523160763,2024
75119,11,178371,48602.4523160763,2024
75119,11,178371,48602.4523160763,2024
75119,11,178371,48602.4523160763,2024
75119,11,178371,48602.4523160763,2024
75119,11,178371,48602.4523160763,2024
75119,11,178371,48602.4523160763,2024
75119,11,178371,48602.4523160763,2024
75119,11,178371,48602.4523160763,2024
75119,11,178371,48602.4523160763,2024
75119,11,178371,48602.4523160763,2024
75119,11,178371,48602.4523160763,2024
75119,11,178371,48602.4523160763,2024
75119,11,178371,48602.4523160763,2024
75120,12,187694,29419.122257053292,2024
75120,12,187694,29419.122257053292,2024
75120,12,187694,29419.122257053292,2024
75120,12,187694,29419.122257053292,2024
75120,12,187694,29419.122257053292,2024
75120,12,187694,29419.122257053292,2024
75120,12,187694,29419.122257053292,2024
75120,12,187694,29419.122257053292,2024
75120,12,187694,29419.122257053292,2024
75120,12,187694,29419.122257053292,2024
75120,12,187694,29419.122257053292,2024
75120,12,187694,29419.122257053292,2024
75120,12,187694,29419.122257053292,2024
75120,12,187694,29419.122257053292,2024
75120,12,187694,29419.122257053292,2024
