arrondissement,no2,o3,pm10,annee
1,30,33,22,2018
2,32,33,22,2018
3,32,33,22,2018
4,31,33,22,2018
5,30,33,22,2018
6,30,33,22,2018
7,30,33,22,2018
8,30,33,22,2018
9,31,33,22,2018
10,34,33,22,2018
11,34,33,22,2018
12,33,33,24,2018
13,30,33,22,2018
14,29,34,22,2018
15,29,35,22,2018
16,29,35,20,2018
17,30,33,22,2018
18,35,34,22,2018
19,39,33,22,2018
20,36,33,22,2018
1,31,28,19,2018
2,32,28,19,2018
3,31,29,19,2018
4,31,29,19,2018
5,30,29,19,2018
6,30,29,19,2018
7,31,29,19,2018
8,32,28,19,2018
9,32,28,19,2018
10,32,29,19,2018
11,29,30,19,2018
12,29,31,19,2018
13,29,30,20,2018
14,29,30,19,2018
15,28,30,19,2018
16,31,30,19,2018
17,32,28,19,2018
18,32,29,19,2018
19,29,30,19,2018
20,28,30,19,2018
1,30,26,19,2018
2,30,27,19,2018
3,31,27,19,2018
4,31,27,19,2018
5,30,27,19,2018
6,30,27,19,2018
7,30,26,19,2018
8,32,26,19,2018
9,30,27,19,2018
10,31,28,19,2018
11,31,28,19,2018
12,31,28,19,2018
13,31,28,19,2018
14,29,28,19,2018
15,28,28,19,2018
16,35,27,19,2018
17,33,28,19,2018
18,32,29,19,2018
19,35,29,19,2018
20,31,28,19,2018
1,39,38,14,2018
2,39,38,14,2018
3,39,38,12,2018
4,39,38,14,2018
5,39,38,14,2018
6,39,38,14,2018
7,39,38,15,2018
8,39,38,14,2018
9,38,38,14,2018
10,39,39,12,2018
11,39,39,12,2018
12,39,39,14,2018
13,39,38,15,2018
14,38,38,15,2018
15,37,38,15,2018
16,40,38,15,2018
17,39,39,14,2018
18,38,40,14,2018
19,38,40,12,2018
20,38,39,12,2018
1,33,34,20,2018
2,33,35,20,2018
3,33,35,20,2018
4,33,35,20,2018
5,32,34,22,2018
6,32,34,20,2018
7,34,34,20,2018
8,35,34,20,2018
9,34,35,20,2018
10,34,35,20,2018
11,35,35,20,2018
12,38,35,20,2018
13,35,34,22,2018
14,33,34,22,2018
15,34,34,20,2018
16,35,34,20,2018
17,36,35,20,2018
18,35,35,20,2018
19,35,35,20,2018
20,36,35,20,2018
1,36,33,30,2018
2,38,34,30,2018
3,37,34,30,2018
4,36,35,30,2018
5,34,35,30,2018
6,33,34,30,2018
7,35,33,30,2018
8,42,33,30,2018
9,41,33,29,2018
10,41,35,29,2018
11,38,36,29,2018
12,38,38,29,2018
13,34,36,29,2018
14,31,35,29,2018
15,34,33,29,2018
16,45,32,30,2018
17,47,33,30,2018
18,45,35,27,2018
19,40,36,29,2018
20,38,36,29,2018
1,35,35,29,2018
2,34,36,29,2018
3,35,36,29,2018
4,35,36,29,2018
5,33,36,29,2018
6,33,36,29,2018
7,38,35,29,2018
8,36,35,29,2018
9,33,36,29,2018
10,34,37,29,2018
11,37,37,29,2018
12,42,39,29,2018
13,33,37,29,2018
14,31,36,29,2018
15,35,36,27,2018
16,37,35,27,2018
17,36,36,27,2018
18,31,38,29,2018
19,33,38,27,2018
20,38,38,27,2018
1,22,43,30,2018
2,22,43,32,2018
3,21,43,32,2018
4,22,43,32,2018
5,21,43,30,2018
6,21,43,30,2018
7,22,43,30,2018
8,24,43,32,2018
9,23,44,32,2018
10,23,45,34,2018
11,21,44,32,2018
12,20,45,32,2018
13,20,45,32,2018
14,20,44,30,2018
15,20,43,30,2018
16,25,43,30,2018
17,25,44,34,2018
18,23,46,34,2018
19,22,46,34,2018
20,21,45,32,2018
1,44,28,40,2018
2,44,28,42,2018
3,44,28,42,2018
4,44,28,42,2018
5,43,28,40,2018
6,43,28,40,2018
7,43,30,40,2018
8,43,30,44,2018
9,44,28,44,2018
10,45,27,44,2018
11,44,27,44,2018
12,48,27,44,2018
13,46,28,42,2018
14,44,29,39,2018
15,43,30,39,2018
16,41,31,44,2018
17,43,30,45,2018
18,46,28,47,2018
19,46,26,47,2018
20,43,26,45,2018
1,30,41,22,2018
2,31,41,24,2018
3,31,41,22,2018
4,32,42,22,2018
5,29,42,22,2018
6,28,42,22,2018
7,27,42,22,2018
8,28,41,22,2018
9,29,41,22,2018
10,31,41,24,2018
11,31,42,24,2018
12,28,43,22,2018
13,27,43,22,2018
14,25,43,22,2018
15,24,43,22,2018
16,28,42,22,2018
17,29,41,24,2018
18,30,41,24,2018
19,33,42,24,2018
20,30,43,24,2018
1,37,46,25,2018
2,40,46,27,2018
3,38,48,25,2018
4,37,48,25,2018
5,36,47,25,2018
6,35,47,25,2018
7,37,46,27,2018
8,42,45,29,2018
9,42,45,27,2018
10,44,47,27,2018
11,42,48,27,2018
12,41,49,25,2018
13,38,48,25,2018
14,34,47,25,2018
15,36,45,27,2018
16,41,44,30,2018
17,46,44,30,2018
18,48,45,30,2018
19,50,48,30,2018
20,45,48,27,2018
1,35,23,50,2018
2,35,24,52,2018
3,34,22,50,2018
4,35,22,50,2018
5,34,22,49,2018
6,34,23,50,2018
7,36,24,53,2018
8,36,25,54,2018
9,36,25,53,2018
10,36,25,53,2018
11,35,23,50,2018
12,35,22,49,2018
13,33,23,49,2018
14,34,24,49,2018
15,35,25,52,2018
16,36,26,57,2018
17,37,27,57,2018
18,37,28,55,2018
19,38,25,54,2018
20,35,23,50,2018
1,51,39,29,2018
2,52,39,30,2018
3,52,39,30,2018
4,51,39,29,2018
5,51,39,29,2018
6,50,39,29,2018
7,51,39,29,2018
8,51,39,30,2018
9,52,39,30,2018
10,52,40,30,2018
11,52,40,30,2018
12,51,40,30,2018
13,51,40,29,2018
14,49,39,27,2018
15,46,39,27,2018
16,49,39,30,2018
17,52,40,30,2018
18,53,40,30,2018
19,53,40,30,2018
20,52,40,30,2018
1,46,30,25,2018
2,48,30,27,2018
3,47,31,25,2018
4,47,31,25,2018
5,45,32,24,2018
6,44,32,24,2018
7,44,31,25,2018
8,47,30,29,2018
9,48,31,29,2018
10,49,31,29,2018
11,48,32,27,2018
12,45,33,25,2018
13,43,34,25,2018
14,41,33,24,2018
15,40,32,25,2018
16,43,32,29,2018
17,47,31,30,2018
18,51,32,30,2018
19,51,32,30,2018
20,48,33,27,2018
1,21,35,19,2018
2,21,36,19,2018
3,22,36,20,2018
4,22,35,20,2018
5,21,35,19,2018
6,21,35,19,2018
7,21,35,19,2018
8,22,36,19,2018
9,20,36,19,2018
10,21,37,19,2018
11,23,37,20,2018
12,29,37,20,2018
13,22,36,20,2018
14,21,36,19,2018
15,19,35,19,2018
16,24,35,17,2018
17,23,37,17,2018
18,19,38,19,2018
19,22,38,20,2018
20,24,37,20,2018
1,44,36,32,2018
2,45,37,32,2018
3,47,36,32,2018
4,48,37,32,2018
5,48,37,32,2018
6,45,37,32,2018
7,41,37,32,2018
8,41,37,30,2018
9,42,37,30,2018
10,45,37,32,2018
11,47,37,34,2018
12,48,37,37,2018
13,50,38,35,2018
14,45,38,34,2018
15,36,38,32,2018
16,38,38,32,2018
17,42,38,30,2018
18,42,38,32,2018
19,45,38,34,2018
20,46,37,34,2018
1,56,41,45,2018
2,56,41,47,2018
3,55,41,47,2018
4,56,41,47,2018
5,56,41,47,2018
6,56,41,45,2018
7,56,42,44,2018
8,56,43,44,2018
9,55,43,45,2018
10,55,43,47,2018
11,55,42,47,2018
12,54,44,47,2018
13,56,43,45,2018
14,55,43,44,2018
15,54,43,42,2018
16,55,43,40,2018
17,55,44,45,2018
18,55,45,47,2018
19,55,45,49,2018
20,54,43,47,2018
1,52,51,50,2018
2,52,51,50,2018
3,51,53,49,2018
4,52,53,49,2018
5,51,52,49,2018
6,51,51,49,2018
7,52,50,53,2018
8,53,49,53,2018
9,52,50,52,2018
10,52,52,52,2018
11,51,53,50,2018
12,49,54,49,2018
13,48,53,49,2018
14,51,52,52,2018
15,53,50,54,2018
16,53,48,55,2018
17,53,49,54,2018
18,52,52,53,2018
19,50,53,52,2018
20,49,53,50,2018
1,55,47,54,2018
2,55,48,54,2018
3,53,48,55,2018
4,54,48,55,2018
5,53,47,55,2018
6,54,47,55,2018
7,62,47,54,2018
8,59,48,53,2018
9,54,49,52,2018
10,53,49,54,2018
11,53,49,54,2018
12,51,50,54,2018
13,50,49,55,2018
14,55,48,54,2018
15,60,48,54,2018
16,61,48,52,2018
17,59,50,52,2018
18,54,51,52,2018
19,56,51,54,2018
20,52,50,54,2018
1,60,56,63,2018
2,61,56,63,2018
3,60,57,63,2018
4,60,57,63,2018
5,59,57,63,2018
6,59,56,62,2018
7,60,56,62,2018
8,61,56,64,2018
9,62,55,62,2018
10,62,56,62,2018
11,60,56,62,2018
12,58,56,62,2018
13,58,56,62,2018
14,58,56,60,2018
15,58,55,60,2018
16,59,55,67,2018
17,61,55,65,2018
18,63,55,62,2018
19,63,56,60,2018
20,60,56,60,2018
1,30,54,47,2018
2,31,54,47,2018
3,30,54,47,2018
4,31,55,47,2018
5,32,55,45,2018
6,31,55,45,2018
7,31,54,47,2018
8,34,54,47,2018
9,33,54,47,2018
10,33,54,49,2018
11,32,55,49,2018
12,36,55,47,2018
13,34,55,45,2018
14,32,55,45,2018
15,33,55,45,2018
16,33,54,47,2018
17,39,54,49,2018
18,39,54,50,2018
19,35,54,50,2018
20,34,55,49,2018
1,32,42,52,2018
2,36,43,52,2018
3,34,42,52,2018
4,32,42,52,2018
5,31,43,52,2018
6,30,43,52,2018
7,31,43,52,2018
8,40,44,52,2018
9,41,44,52,2018
10,41,44,52,2018
11,38,43,52,2018
12,36,43,52,2018
13,33,44,52,2018
14,30,43,52,2018
15,27,44,52,2018
16,39,44,52,2018
17,45,45,52,2018
18,47,45,52,2018
19,42,45,52,2018
20,39,44,52,2018
1,19,36,35,2018
2,19,36,35,2018
3,19,36,35,2018
4,19,36,35,2018
5,19,36,35,2018
6,19,37,35,2018
7,21,36,35,2018
8,19,36,35,2018
9,20,37,35,2018
10,21,37,35,2018
11,21,37,35,2018
12,21,37,35,2018
13,21,37,35,2018
14,20,37,35,2018
15,21,37,35,2018
16,20,38,37,2018
17,19,37,35,2018
18,23,37,34,2018
19,25,38,34,2018
20,21,37,34,2018
1,25,40,30,2018
2,24,40,32,2018
3,25,40,32,2018
4,26,40,32,2018
5,27,40,32,2018
6,27,40,30,2018
7,29,40,30,2018
8,28,41,30,2018
9,23,41,30,2018
10,24,41,32,2018
11,29,41,32,2018
12,33,41,32,2018
13,31,41,32,2018
14,28,41,32,2018
15,28,40,30,2018
16,32,40,32,2018
17,30,42,30,2018
18,24,43,32,2018
19,29,42,32,2018
20,30,41,32,2018
1,19,34,27,2018
2,18,34,27,2018
3,19,34,27,2018
4,19,34,27,2018
5,19,34,29,2018
6,19,34,29,2018
7,21,35,27,2018
8,19,35,27,2018
9,17,35,25,2018
10,19,35,27,2018
11,19,35,27,2018
12,19,35,27,2018
13,18,35,29,2018
14,18,35,29,2018
15,20,35,29,2018
16,19,35,29,2018
17,17,35,27,2018
18,17,35,24,2018
19,19,35,25,2018
20,19,35,25,2018
1,28,37,27,2018
2,28,37,27,2018
3,33,37,27,2018
4,35,37,27,2018
5,35,36,27,2018
6,32,36,27,2018
7,28,37,27,2018
8,30,38,27,2018
9,25,38,25,2018
10,30,38,27,2018
11,39,37,27,2018
12,42,37,27,2018
13,42,36,27,2018
14,34,37,27,2018
15,27,37,27,2018
16,38,38,27,2018
17,35,38,27,2018
18,27,38,25,2018
19,36,38,25,2018
20,39,37,27,2018
1,37,38,42,2018
2,38,38,40,2018
3,38,38,42,2018
4,37,38,42,2018
5,37,38,42,2018
6,36,38,42,2018
7,36,38,42,2018
8,39,38,39,2018
9,39,38,37,2018
10,40,38,39,2018
11,39,38,40,2018
12,38,39,40,2018
13,38,39,42,2018
14,36,39,42,2018
15,34,39,40,2018
16,37,39,39,2018
17,41,39,37,2018
18,42,40,35,2018
19,41,39,37,2018
20,38,39,39,2018
1,23,35,19,2018
2,23,35,19,2018
3,23,35,20,2018
4,24,35,20,2018
5,22,35,20,2018
6,22,35,20,2018
7,22,35,19,2018
8,24,36,19,2018
9,22,36,19,2018
10,23,36,19,2018
11,23,35,20,2018
12,22,35,22,2018
13,21,35,22,2018
14,20,36,20,2018
15,19,36,19,2018
16,28,36,19,2018
17,27,37,19,2018
18,22,37,19,2018
19,24,36,20,2018
20,22,35,20,2018
1,22,27,20,2018
2,22,27,20,2018
3,21,27,20,2018
4,22,27,20,2018
5,21,27,19,2018
6,22,27,19,2018
7,23,26,19,2018
8,23,26,20,2018
9,22,26,22,2018
10,22,27,22,2018
11,20,26,20,2018
12,20,26,19,2018
13,20,27,19,2018
14,21,26,19,2018
15,22,26,19,2018
16,22,25,20,2018
17,23,26,22,2018
18,23,26,22,2018
19,20,26,22,2018
20,20,26,20,2018
1,16,25,7,2018
2,17,26,9,2018
3,17,25,9,2018
4,17,25,9,2018
5,16,26,9,2018
6,16,26,7,2018
7,16,26,7,2018
8,16,26,9,2018
9,16,26,7,2018
10,17,26,9,2018
11,17,26,9,2018
12,16,27,9,2018
13,15,27,9,2018
14,14,27,7,2018
15,14,28,7,2018
16,16,28,9,2018
17,16,27,9,2018
18,16,28,9,2018
19,17,27,9,2018
20,17,26,9,2018
