arrondissement,annee,prix_m2_median,nb_ventes,revenu_median,ratio_prix_revenu
1,2020,15000.0,652,29000.0,0.5172413793103449
1,2021,13934.615384615385,15,,
1,2022,15000.0,541,,
1,2023,13530.687830687832,108,,
1,2024,13333.333333333334,311,,
1,2025,12628.493081488696,208,,
2,2020,13458.710407239818,1332,32000.0,0.42058470022624433
2,2021,10363.636363636364,33,,
2,2022,12677.05317982456,734,,
2,2023,13236.363636363636,145,,
2,2024,14531.387520525452,446,,
2,2025,12519.833333333332,334,,
3,2020,13378.676470588234,1044,31000.0,0.4315702087286527
3,2021,11237.808376362596,36,,
3,2022,12940.74074074074,949,,
3,2023,12814.393617021276,242,,
3,2024,12291.666666666666,545,,
3,2025,12000.0,381,,
4,2020,14364.242424242424,1145,30000.0,0.4788080808080808
4,2021,14183.890746934228,24,,
4,2022,14201.263157894737,754,,
4,2023,15352.990033222592,196,,
4,2024,12952.380952380952,419,,
4,2025,12686.567164179103,315,,
5,2020,12836.309523809525,1104,35000.0,0.36675170068027213
5,2021,12307.692307692309,11,,
5,2022,13073.076923076924,1755,,
5,2023,12724.0,694,,
5,2024,12250.0,2507,,
5,2025,11538.46153846154,234,,
6,2020,18362.678787878787,1290,42000.0,0.43720663780663777
6,2021,16046.380090497738,2,,
6,2022,15625.0,1709,,
6,2023,17232.558139534885,651,,
6,2024,15474.166666666668,2576,,
6,2025,14946.42857142857,223,,
7,2020,15517.472527472528,1212,45000.0,0.3448327228327228
7,2021,21836.73469387755,5,,
7,2022,15333.333333333334,1918,,
7,2023,14888.863287250384,652,,
7,2024,15000.0,2794,,
7,2025,14375.833333333332,268,,
8,2020,15555.555555555557,1446,47000.0,0.33096926713947994
8,2021,15449.922857142858,43,,
8,2022,16817.999196464443,1512,,
8,2023,20000.0,341,,
8,2024,16681.818181818184,952,,
8,2025,13098.0783045977,540,,
9,2020,12863.636363636364,2646,34000.0,0.3783422459893048
9,2021,11552.5,45,,
9,2022,12322.108013937284,1770,,
9,2023,10909.09090909091,281,,
9,2024,11309.52380952381,913,,
9,2025,12511.627906976744,829,,
10,2020,11585.642857142857,3700,28000.0,0.41377295918367346
10,2021,10304.347826086956,91,,
10,2022,10903.536585365851,2240,,
10,2023,9613.962264150943,377,,
10,2024,9602.920863309351,1019,,
10,2025,9583.333333333334,839,,
11,2020,11333.333333333334,5050,27000.0,0.4197530864197531
11,2021,10863.636363636364,15,,
11,2022,11296.296296296296,5129,,
11,2023,10448.880597014926,1564,,
11,2024,10352.941176470587,7312,,
11,2025,9800.0,587,,
12,2020,10652.972972972972,3243,29000.0,0.36734389561975767
12,2021,11149.516666666666,16,,
12,2022,10187.5,3103,,
12,2023,9864.406779661016,1172,,
12,2024,9285.714285714286,4562,,
12,2025,9964.39393939394,577,,
13,2020,10067.567567567568,1715,26000.0,0.3872141372141372
13,2021,10072.916666666668,10,,
13,2022,9857.142857142857,2629,,
13,2023,9912.172573189524,1122,,
13,2024,9038.46153846154,4183,,
13,2025,8619.163763066203,360,,
14,2020,11111.111111111111,1123,30000.0,0.37037037037037035
14,2021,11247.18309859155,17,,
14,2022,10700.0,2880,,
14,2023,10238.888888888889,1062,,
14,2024,9624.5,4033,,
14,2025,9617.055944055945,484,,
15,2020,10833.333333333334,2003,32000.0,0.3385416666666667
15,2021,11307.560975609756,29,,
15,2022,10875.471698113208,6299,,
15,2023,10031.888888888889,1926,,
15,2024,10000.0,8562,,
15,2025,9618.463302752294,802,,
16,2020,12198.636363636364,1848,50000.0,0.24397272727272729
16,2021,13255.0,33,,
16,2022,12149.532710280371,4911,,
16,2023,11562.5,1645,,
16,2024,11369.86301369863,6661,,
16,2025,11105.172413793103,682,,
17,2020,11750.0,3474,37000.0,0.31756756756756754
17,2021,11538.45,129,,
17,2022,11682.35294117647,3391,,
17,2023,11500.0,786,,
17,2024,10244.444444444443,1643,,
17,2025,10377.656518010292,1240,,
18,2020,10581.818181818182,4282,24000.0,0.4409090909090909
18,2021,10015.71568627451,164,,
18,2022,10442.810457516342,4084,,
18,2023,10399.468085106382,1000,,
18,2024,8913.729128014842,1740,,
18,2025,8956.439393939394,1422,,
19,2020,9260.0,3138,22000.0,0.4209090909090909
19,2021,9466.666666666666,85,,
19,2022,9444.444444444443,1995,,
19,2023,9681.81818181818,564,,
19,2024,8571.42857142857,1195,,
19,2025,8325.940860215054,696,,
20,2020,9857.142857142857,3569,21000.0,0.4693877551020408
20,2021,9571.42857142857,107,,
20,2022,9618.181818181818,2519,,
20,2023,8940.285204991087,458,,
20,2024,8694.155844155845,1410,,
20,2025,8572.670807453414,968,,
1,2021,15055.0,265,,
1,2023,13461.53846153846,83,,
2,2021,12658.15,333,,
2,2023,14200.0,107,,
3,2021,13195.3125,445,,
3,2023,12928.051865907652,184,,
4,2021,13269.23076923077,297,,
4,2023,15544.117647058823,162,,
5,2021,11600.0,1,,
5,2023,12658.227848101264,1155,,
6,2023,21777.777777777777,1650,,
7,2023,14867.924528301886,1301,,
8,2021,14698.795180722893,549,,
8,2023,15427.114322141946,204,,
9,2021,12087.884615384615,795,,
9,2023,10456.53638814016,208,,
10,2021,10707.142857142857,1049,,
10,2023,9347.517730496456,260,,
11,2023,10350.0,3009,,
12,2023,9685.557644110277,2176,,
13,2021,27222.408668730648,8,,
13,2023,9047.619047619048,2138,,
14,2023,10140.659340659342,2192,,
15,2023,10000.0,3586,,
16,2023,11850.0,3085,,
17,2021,11573.214285714286,1626,,
17,2023,11621.411276374956,546,,
18,2021,10661.111111111111,1831,,
18,2023,10494.505494505494,718,,
19,2021,9615.384615384615,933,,
19,2023,9882.337728194723,420,,
20,2021,9875.771604938273,1116,,
20,2023,8940.285204991087,334,,
