arrondissement,annee,type_local,nombre_pieces_principales,count
1,2020,Appartement,1.0,158
1,2020,Appartement,2.0,122
1,2020,Appartement,3.0,70
1,2020,Appartement,4.0,44
1,2020,Appartement,5.0,18
1,2020,Appartement,6.0,22
1,2020,Appartement,7.0,8
1,2021,Appartement,1.0,5
1,2021,Appartement,2.0,4
1,2021,Appartement,3.0,3
1,2021,Appartement,4.0,1
1,2022,Appartement,0.0,2
1,2022,Appartement,1.0,122
1,2022,Appartement,2.0,141
1,2022,Appartement,3.0,75
1,2022,Appartement,4.0,44
1,2022,Appartement,5.0,20
1,2022,Appartement,6.0,6
1,2022,Appartement,7.0,4
1,2022,Appartement,8.0,2
1,2023,Appartement,1.0,22
1,2023,Appartement,2.0,35
1,2023,Appartement,3.0,19
1,2023,Appartement,4.0,6
1,2023,Appartement,5.0,2
1,2023,Appartement,7.0,1
1,2024,Appartement,1.0,50
1,2024,Appartement,2.0,68
1,2024,Appartement,3.0,42
1,2024,Appartement,4.0,19
1,2024,Appartement,5.0,11
1,2024,Appartement,6.0,7
1,2024,Appartement,7.0,1
1,2024,Appartement,9.0,1
1,2025,Appartement,1.0,49
1,2025,Appartement,2.0,36
1,2025,Appartement,3.0,27
1,2025,Appartement,4.0,20
1,2025,Appartement,5.0,9
1,2025,Appartement,6.0,2
1,2025,Appartement,7.0,1
2,2020,Appartement,1.0,389
2,2020,Appartement,2.0,283
2,2020,Appartement,3.0,131
2,2020,Appartement,4.0,54
2,2020,Appartement,5.0,20
2,2020,Appartement,6.0,6
2,2020,Appartement,8.0,6
2,2021,Appartement,1.0,16
2,2021,Appartement,2.0,6
2,2021,Appartement,3.0,2
2,2021,Appartement,4.0,2
2,2022,Appartement,1.0,213
2,2022,Appartement,2.0,192
2,2022,Appartement,3.0,102
2,2022,Appartement,4.0,44
2,2022,Appartement,5.0,11
2,2022,Appartement,6.0,1
2,2022,Appartement,7.0,1
2,2023,Appartement,1.0,35
2,2023,Appartement,2.0,25
2,2023,Appartement,3.0,15
2,2023,Appartement,4.0,4
2,2023,Appartement,5.0,2
2,2023,Appartement,6.0,1
2,2024,Appartement,0.0,1
2,2024,Appartement,1.0,122
2,2024,Appartement,2.0,98
2,2024,Appartement,3.0,41
2,2024,Appartement,4.0,22
2,2024,Appartement,5.0,5
2,2024,Appartement,7.0,3
2,2025,Appartement,1.0,90
2,2025,Appartement,2.0,82
2,2025,Appartement,3.0,42
2,2025,Appartement,4.0,8
2,2025,Appartement,5.0,6
3,2020,Appartement,1.0,288
3,2020,Appartement,2.0,290
3,2020,Appartement,3.0,178
3,2020,Appartement,4.0,70
3,2020,Appartement,5.0,30
3,2020,Appartement,6.0,8
3,2021,Appartement,0.0,1
3,2021,Appartement,1.0,7
3,2021,Appartement,2.0,7
3,2021,Appartement,3.0,4
3,2021,Appartement,4.0,5
3,2021,Appartement,5.0,1
3,2022,Appartement,0.0,1
3,2022,Appartement,1.0,237
3,2022,Appartement,2.0,265
3,2022,Appartement,3.0,139
3,2022,Appartement,4.0,80
3,2022,Appartement,5.0,29
3,2022,Appartement,6.0,9
3,2022,Appartement,7.0,3
3,2022,Appartement,8.0,1
3,2022,Appartement,9.0,3
3,2023,Appartement,1.0,64
3,2023,Appartement,2.0,68
3,2023,Appartement,3.0,45
3,2023,Appartement,4.0,15
3,2023,Appartement,5.0,4
3,2023,Appartement,6.0,1
3,2023,Appartement,7.0,1
3,2024,Appartement,1.0,147
3,2024,Appartement,2.0,172
3,2024,Appartement,3.0,68
3,2024,Appartement,4.0,30
3,2024,Appartement,5.0,17
3,2024,Appartement,6.0,5
3,2024,Appartement,7.0,1
3,2024,Appartement,10.0,1
3,2025,Appartement,0.0,1
3,2025,Appartement,1.0,117
3,2025,Appartement,2.0,104
3,2025,Appartement,3.0,58
3,2025,Appartement,4.0,29
3,2025,Appartement,5.0,12
3,2025,Appartement,6.0,4
3,2025,Appartement,7.0,1
4,2020,Appartement,0.0,3
4,2020,Appartement,1.0,344
4,2020,Appartement,2.0,323
4,2020,Appartement,3.0,193
4,2020,Appartement,4.0,95
4,2020,Appartement,5.0,29
4,2020,Appartement,6.0,6
4,2020,Appartement,7.0,6
4,2020,Appartement,8.0,3
4,2021,Appartement,1.0,6
4,2021,Appartement,2.0,7
4,2021,Appartement,3.0,6
4,2021,Appartement,5.0,1
4,2022,Appartement,1.0,185
4,2022,Appartement,2.0,193
4,2022,Appartement,3.0,142
4,2022,Appartement,4.0,75
4,2022,Appartement,5.0,23
4,2022,Appartement,6.0,9
4,2022,Appartement,7.0,2
4,2022,Appartement,9.0,1
4,2022,Appartement,10.0,1
4,2022,Appartement,14.0,1
4,2022,Appartement,15.0,1
4,2023,Appartement,1.0,46
4,2023,Appartement,2.0,69
4,2023,Appartement,3.0,37
4,2023,Appartement,4.0,11
4,2023,Appartement,5.0,8
4,2023,Appartement,6.0,1
4,2024,Appartement,0.0,2
4,2024,Appartement,1.0,105
4,2024,Appartement,2.0,118
4,2024,Appartement,3.0,63
4,2024,Appartement,4.0,39
4,2024,Appartement,5.0,17
4,2024,Appartement,6.0,10
4,2024,Appartement,7.0,2
4,2025,Appartement,0.0,1
4,2025,Appartement,1.0,83
4,2025,Appartement,2.0,86
4,2025,Appartement,3.0,49
4,2025,Appartement,4.0,33
4,2025,Appartement,5.0,10
4,2025,Appartement,6.0,10
4,2025,Appartement,8.0,1
5,2020,Appartement,1.0,324
5,2020,Appartement,2.0,324
5,2020,Appartement,3.0,188
5,2020,Appartement,4.0,90
5,2020,Appartement,5.0,38
5,2020,Appartement,6.0,12
5,2020,Appartement,7.0,8
5,2021,Appartement,1.0,2
5,2021,Appartement,2.0,4
5,2021,Appartement,3.0,3
5,2021,Appartement,4.0,1
5,2022,Appartement,0.0,1
5,2022,Appartement,1.0,487
5,2022,Appartement,2.0,510
5,2022,Appartement,3.0,302
5,2022,Appartement,4.0,145
5,2022,Appartement,5.0,72
5,2022,Appartement,6.0,21
5,2022,Appartement,7.0,6
5,2022,Appartement,8.0,1
5,2022,Appartement,9.0,2
5,2022,Maison,2.0,2
5,2022,Maison,7.0,2
5,2023,Appartement,0.0,5
5,2023,Appartement,1.0,185
5,2023,Appartement,2.0,185
5,2023,Appartement,3.0,124
5,2023,Appartement,4.0,56
5,2023,Appartement,5.0,37
5,2023,Appartement,6.0,4
5,2023,Appartement,7.0,5
5,2024,Appartement,0.0,7
5,2024,Appartement,1.0,796
5,2024,Appartement,2.0,644
5,2024,Appartement,3.0,422
5,2024,Appartement,4.0,229
5,2024,Appartement,5.0,105
5,2024,Appartement,6.0,26
5,2024,Appartement,7.0,19
5,2024,Appartement,32.0,2
5,2024,Maison,6.0,3
5,2025,Appartement,1.0,88
5,2025,Appartement,2.0,61
5,2025,Appartement,3.0,37
5,2025,Appartement,4.0,16
5,2025,Appartement,5.0,7
5,2025,Appartement,6.0,3
5,2025,Appartement,8.0,1
6,2020,Appartement,0.0,2
6,2020,Appartement,1.0,262
6,2020,Appartement,2.0,258
6,2020,Appartement,3.0,192
6,2020,Appartement,4.0,172
6,2020,Appartement,5.0,84
6,2020,Appartement,6.0,36
6,2020,Appartement,7.0,16
6,2020,Appartement,8.0,2
6,2020,Appartement,11.0,2
6,2020,Maison,3.0,2
6,2020,Maison,6.0,2
6,2021,Appartement,1.0,1
6,2021,Appartement,2.0,1
6,2022,Appartement,0.0,2
6,2022,Appartement,1.0,400
6,2022,Appartement,2.0,412
6,2022,Appartement,3.0,256
6,2022,Appartement,4.0,183
6,2022,Appartement,5.0,142
6,2022,Appartement,6.0,38
6,2022,Appartement,7.0,23
6,2022,Appartement,8.0,14
6,2022,Maison,3.0,2
6,2022,Maison,7.0,2
6,2023,Appartement,0.0,1
6,2023,Appartement,1.0,153
6,2023,Appartement,2.0,130
6,2023,Appartement,3.0,104
6,2023,Appartement,4.0,95
6,2023,Appartement,5.0,49
6,2023,Appartement,6.0,17
6,2023,Appartement,7.0,3
6,2023,Appartement,8.0,7
6,2023,Maison,5.0,1
6,2024,Appartement,0.0,5
6,2024,Appartement,1.0,609
6,2024,Appartement,2.0,573
6,2024,Appartement,3.0,442
6,2024,Appartement,4.0,256
6,2024,Appartement,5.0,222
6,2024,Appartement,6.0,79
6,2024,Appartement,7.0,33
6,2024,Appartement,8.0,7
6,2024,Appartement,9.0,2
6,2024,Appartement,10.0,3
6,2024,Maison,6.0,2
6,2024,Maison,10.0,2
6,2025,Appartement,1.0,58
6,2025,Appartement,2.0,64
6,2025,Appartement,3.0,36
6,2025,Appartement,4.0,25
6,2025,Appartement,5.0,9
6,2025,Appartement,6.0,9
6,2025,Appartement,7.0,1
6,2025,Appartement,8.0,1
7,2020,Appartement,0.0,6
7,2020,Appartement,1.0,234
7,2020,Appartement,2.0,214
7,2020,Appartement,3.0,180
7,2020,Appartement,4.0,130
7,2020,Appartement,5.0,90
7,2020,Appartement,6.0,46
7,2020,Appartement,7.0,28
7,2020,Appartement,8.0,2
7,2020,Appartement,10.0,4
7,2020,Maison,20.0,2
7,2021,Appartement,2.0,1
7,2021,Appartement,3.0,1
7,2021,Appartement,4.0,2
7,2022,Appartement,1.0,393
7,2022,Appartement,2.0,406
7,2022,Appartement,3.0,317
7,2022,Appartement,4.0,217
7,2022,Appartement,5.0,214
7,2022,Appartement,6.0,93
7,2022,Appartement,7.0,49
7,2022,Appartement,8.0,14
7,2022,Appartement,9.0,5
7,2022,Appartement,10.0,5
7,2022,Appartement,11.0,1
7,2022,Maison,3.0,2
7,2022,Maison,4.0,4
7,2022,Maison,5.0,3
7,2022,Maison,8.0,3
7,2023,Appartement,0.0,1
7,2023,Appartement,1.0,122
7,2023,Appartement,2.0,142
7,2023,Appartement,3.0,112
7,2023,Appartement,4.0,84
7,2023,Appartement,5.0,52
7,2023,Appartement,6.0,27
7,2023,Appartement,7.0,16
7,2023,Appartement,8.0,9
7,2023,Appartement,9.0,5
7,2023,Appartement,11.0,2
7,2023,Appartement,12.0,2
7,2023,Maison,5.0,1
7,2023,Maison,11.0,2
7,2024,Appartement,1.0,496
7,2024,Appartement,2.0,652
7,2024,Appartement,3.0,443
7,2024,Appartement,4.0,384
7,2024,Appartement,5.0,271
7,2024,Appartement,6.0,116
7,2024,Appartement,7.0,45
7,2024,Appartement,8.0,11
7,2024,Appartement,9.0,6
7,2024,Appartement,10.0,2
7,2024,Maison,1.0,2
7,2024,Maison,3.0,6
7,2024,Maison,6.0,2
7,2024,Maison,8.0,3
7,2025,Appartement,1.0,51
7,2025,Appartement,2.0,53
7,2025,Appartement,3.0,55
7,2025,Appartement,4.0,32
7,2025,Appartement,5.0,28
7,2025,Appartement,6.0,12
7,2025,Appartement,7.0,10
7,2025,Appartement,8.0,2
7,2025,Appartement,11.0,1
7,2025,Maison,2.0,1
7,2025,Maison,7.0,1
8,2020,Appartement,0.0,2
8,2020,Appartement,1.0,228
8,2020,Appartement,2.0,268
8,2020,Appartement,3.0,194
8,2020,Appartement,4.0,106
8,2020,Appartement,5.0,72
8,2020,Appartement,6.0,62
8,2020,Appartement,7.0,22
8,2020,Appartement,8.0,4
8,2020,Appartement,9.0,6
8,2020,Appartement,10.0,2
8,2020,Maison,7.0,2
8,2020,Maison,8.0,2
8,2021,Appartement,1.0,13
8,2021,Appartement,2.0,5
8,2021,Appartement,3.0,4
8,2021,Appartement,4.0,5
8,2021,Appartement,5.0,4
8,2021,Appartement,6.0,4
8,2021,Appartement,7.0,1
8,2021,Appartement,10.0,1
8,2022,Appartement,0.0,2
8,2022,Appartement,1.0,268
8,2022,Appartement,2.0,170
8,2022,Appartement,3.0,168
8,2022,Appartement,4.0,127
8,2022,Appartement,5.0,112
8,2022,Appartement,6.0,57
8,2022,Appartement,7.0,21
8,2022,Appartement,8.0,7
8,2022,Appartement,9.0,3
8,2022,Appartement,15.0,1
8,2023,Appartement,0.0,1
8,2023,Appartement,1.0,44
8,2023,Appartement,2.0,36
8,2023,Appartement,3.0,25
8,2023,Appartement,4.0,23
8,2023,Appartement,5.0,15
8,2023,Appartement,6.0,11
8,2023,Appartement,7.0,3
8,2023,Appartement,8.0,3
8,2023,Appartement,9.0,2
8,2024,Appartement,1.0,140
8,2024,Appartement,2.0,127
8,2024,Appartement,3.0,98
8,2024,Appartement,4.0,69
8,2024,Appartement,5.0,50
8,2024,Appartement,6.0,34
8,2024,Appartement,7.0,7
8,2024,Appartement,8.0,5
8,2024,Appartement,9.0,1
8,2024,Appartement,10.0,1
8,2024,Maison,12.0,1
8,2025,Appartement,1.0,91
8,2025,Appartement,2.0,95
8,2025,Appartement,3.0,61
8,2025,Appartement,4.0,43
8,2025,Appartement,5.0,43
8,2025,Appartement,6.0,22
8,2025,Appartement,7.0,12
8,2025,Appartement,8.0,1
8,2025,Appartement,9.0,3
8,2025,Appartement,11.0,1
8,2025,Maison,5.0,1
9,2020,Appartement,1.0,599
9,2020,Appartement,2.0,562
9,2020,Appartement,3.0,492
9,2020,Appartement,4.0,289
9,2020,Appartement,5.0,132
9,2020,Appartement,6.0,36
9,2020,Appartement,7.0,16
9,2020,Appartement,8.0,3
9,2021,Appartement,1.0,19
9,2021,Appartement,2.0,7
9,2021,Appartement,3.0,8
9,2021,Appartement,4.0,4
9,2021,Appartement,5.0,3
9,2021,Appartement,6.0,1
9,2021,Appartement,7.0,1
9,2022,Appartement,0.0,1
9,2022,Appartement,1.0,397
9,2022,Appartement,2.0,408
9,2022,Appartement,3.0,305
9,2022,Appartement,4.0,180
9,2022,Appartement,5.0,90
9,2022,Appartement,6.0,28
9,2022,Appartement,7.0,8
9,2022,Appartement,8.0,2
9,2022,Appartement,9.0,1
9,2022,Appartement,10.0,1
9,2022,Appartement,34.0,1
9,2022,Maison,4.0,2
9,2023,Appartement,1.0,71
9,2023,Appartement,2.0,58
9,2023,Appartement,3.0,54
9,2023,Appartement,4.0,27
9,2023,Appartement,5.0,14
9,2023,Appartement,6.0,2
9,2023,Appartement,7.0,1
9,2024,Appartement,0.0,1
9,2024,Appartement,1.0,213
9,2024,Appartement,2.0,186
9,2024,Appartement,3.0,164
9,2024,Appartement,4.0,87
9,2024,Appartement,5.0,45
9,2024,Appartement,6.0,15
9,2024,Appartement,7.0,4
9,2024,Appartement,8.0,1
9,2025,Appartement,0.0,2
9,2025,Appartement,1.0,194
9,2025,Appartement,2.0,172
9,2025,Appartement,3.0,125
9,2025,Appartement,4.0,67
9,2025,Appartement,5.0,40
9,2025,Appartement,6.0,18
9,2025,Appartement,7.0,3
9,2025,Appartement,10.0,1
10,2020,Appartement,0.0,6
10,2020,Appartement,1.0,951
10,2020,Appartement,2.0,1027
10,2020,Appartement,3.0,658
10,2020,Appartement,4.0,296
10,2020,Appartement,5.0,99
10,2020,Appartement,6.0,22
10,2020,Appartement,7.0,9
10,2020,Appartement,10.0,3
10,2021,Appartement,1.0,27
10,2021,Appartement,2.0,23
10,2021,Appartement,3.0,16
10,2021,Appartement,4.0,13
10,2021,Appartement,5.0,4
10,2021,Appartement,10.0,1
10,2022,Appartement,0.0,8
10,2022,Appartement,1.0,519
10,2022,Appartement,2.0,628
10,2022,Appartement,3.0,403
10,2022,Appartement,4.0,203
10,2022,Appartement,5.0,56
10,2022,Appartement,6.0,24
10,2022,Appartement,7.0,3
10,2023,Appartement,1.0,108
10,2023,Appartement,2.0,110
10,2023,Appartement,3.0,60
10,2023,Appartement,4.0,24
10,2023,Appartement,5.0,9
10,2023,Appartement,6.0,3
10,2023,Appartement,7.0,2
10,2024,Appartement,0.0,5
10,2024,Appartement,1.0,265
10,2024,Appartement,2.0,318
10,2024,Appartement,3.0,167
10,2024,Appartement,4.0,60
10,2024,Appartement,5.0,39
10,2024,Appartement,6.0,4
10,2024,Appartement,7.0,2
10,2024,Appartement,8.0,1
10,2025,Appartement,1.0,218
10,2025,Appartement,2.0,247
10,2025,Appartement,3.0,131
10,2025,Appartement,4.0,59
10,2025,Appartement,5.0,19
10,2025,Appartement,6.0,5
10,2025,Appartement,10.0,1
11,2020,Appartement,0.0,6
11,2020,Appartement,1.0,1358
11,2020,Appartement,2.0,1647
11,2020,Appartement,3.0,974
11,2020,Appartement,4.0,369
11,2020,Appartement,5.0,75
11,2020,Appartement,6.0,12
11,2020,Appartement,8.0,3
11,2020,Appartement,9.0,3
11,2020,Maison,2.0,3
11,2020,Maison,4.0,3
11,2020,Maison,5.0,3
11,2020,Maison,7.0,3
11,2021,Appartement,1.0,3
11,2021,Appartement,2.0,6
11,2021,Appartement,3.0,4
11,2021,Appartement,4.0,2
11,2022,Appartement,0.0,13
11,2022,Appartement,1.0,1303
11,2022,Appartement,2.0,1795
11,2022,Appartement,3.0,945
11,2022,Appartement,4.0,352
11,2022,Appartement,5.0,97
11,2022,Appartement,6.0,13
11,2022,Appartement,8.0,2
11,2022,Maison,3.0,2
11,2022,Maison,4.0,1
11,2023,Appartement,0.0,3
11,2023,Appartement,1.0,420
11,2023,Appartement,2.0,535
11,2023,Appartement,3.0,307
11,2023,Appartement,4.0,86
11,2023,Appartement,5.0,49
11,2023,Appartement,6.0,8
11,2023,Appartement,7.0,1
11,2023,Maison,6.0,2
11,2024,Appartement,0.0,22
11,2024,Appartement,1.0,1921
11,2024,Appartement,2.0,2618
11,2024,Appartement,3.0,1226
11,2024,Appartement,4.0,581
11,2024,Appartement,5.0,156
11,2024,Appartement,6.0,26
11,2024,Appartement,7.0,13
11,2024,Maison,3.0,2
11,2025,Appartement,0.0,1
11,2025,Appartement,1.0,159
11,2025,Appartement,2.0,205
11,2025,Appartement,3.0,110
11,2025,Appartement,4.0,36
11,2025,Appartement,5.0,18
11,2025,Appartement,6.0,2
11,2025,Appartement,7.0,2
12,2020,Appartement,0.0,6
12,2020,Appartement,1.0,642
12,2020,Appartement,2.0,1191
12,2020,Appartement,3.0,666
12,2020,Appartement,4.0,243
12,2020,Appartement,5.0,78
12,2020,Appartement,6.0,3
12,2020,Maison,2.0,3
12,2020,Maison,3.0,3
12,2020,Maison,4.0,9
12,2020,Maison,5.0,3
12,2020,Maison,6.0,3
12,2020,Maison,8.0,3
12,2021,Appartement,1.0,3
12,2021,Appartement,2.0,7
12,2021,Appartement,3.0,4
12,2021,Appartement,4.0,1
12,2021,Maison,3.0,1
12,2022,Appartement,0.0,4
12,2022,Appartement,1.0,675
12,2022,Appartement,2.0,947
12,2022,Appartement,3.0,714
12,2022,Appartement,4.0,326
12,2022,Appartement,5.0,90
12,2022,Appartement,6.0,19
12,2022,Appartement,7.0,1
12,2022,Maison,3.0,1
12,2022,Maison,4.0,1
12,2022,Maison,5.0,2
12,2022,Maison,6.0,6
12,2022,Maison,7.0,2
12,2022,Maison,8.0,2
12,2022,Maison,11.0,2
12,2023,Appartement,0.0,4
12,2023,Appartement,1.0,275
12,2023,Appartement,2.0,405
12,2023,Appartement,3.0,249
12,2023,Appartement,4.0,109
12,2023,Appartement,5.0,23
12,2023,Appartement,6.0,12
12,2023,Appartement,7.0,2
12,2023,Maison,3.0,1
12,2023,Maison,6.0,2
12,2024,Appartement,0.0,4
12,2024,Appartement,1.0,986
12,2024,Appartement,2.0,1609
12,2024,Appartement,3.0,880
12,2024,Appartement,4.0,450
12,2024,Appartement,5.0,190
12,2024,Appartement,6.0,15
12,2024,Appartement,7.0,2
12,2024,Appartement,10.0,1
12,2024,Maison,2.0,2
12,2024,Maison,3.0,5
12,2024,Maison,4.0,1
12,2025,Appartement,0.0,2
12,2025,Appartement,1.0,99
12,2025,Appartement,2.0,227
12,2025,Appartement,3.0,111
12,2025,Appartement,4.0,91
12,2025,Appartement,5.0,18
12,2025,Maison,4.0,1
12,2025,Maison,5.0,1
13,2020,Appartement,0.0,6
13,2020,Appartement,1.0,408
13,2020,Appartement,2.0,582
13,2020,Appartement,3.0,343
13,2020,Appartement,4.0,124
13,2020,Appartement,5.0,33
13,2020,Appartement,6.0,11
13,2020,Appartement,7.0,6
13,2020,Maison,3.0,6
13,2020,Maison,4.0,4
13,2020,Maison,5.0,6
13,2020,Maison,6.0,4
13,2020,Maison,7.0,2
13,2020,Maison,8.0,2
13,2021,Appartement,1.0,6
13,2021,Appartement,2.0,2
13,2021,Appartement,4.0,2
13,2022,Appartement,0.0,6
13,2022,Appartement,1.0,654
13,2022,Appartement,2.0,881
13,2022,Appartement,3.0,574
13,2022,Appartement,4.0,201
13,2022,Appartement,5.0,65
13,2022,Appartement,6.0,9
13,2022,Maison,1.0,1
13,2022,Maison,3.0,7
13,2022,Maison,4.0,4
13,2022,Maison,5.0,8
13,2022,Maison,6.0,2
13,2023,Appartement,0.0,1
13,2023,Appartement,1.0,319
13,2023,Appartement,2.0,313
13,2023,Appartement,3.0,255
13,2023,Appartement,4.0,120
13,2023,Appartement,5.0,33
13,2023,Appartement,6.0,1
13,2023,Appartement,7.0,1
13,2023,Maison,2.0,4
13,2023,Maison,4.0,3
13,2023,Maison,6.0,2
13,2024,Appartement,0.0,2
13,2024,Appartement,1.0,1180
13,2024,Appartement,2.0,1229
13,2024,Appartement,3.0,934
13,2024,Appartement,4.0,362
13,2024,Appartement,5.0,86
13,2024,Appartement,6.0,17
13,2024,Appartement,7.0,8
13,2024,Maison,2.0,3
13,2024,Maison,3.0,7
13,2024,Maison,4.0,6
13,2024,Maison,5.0,16
13,2024,Maison,6.0,1
13,2025,Appartement,1.0,87
13,2025,Appartement,2.0,136
13,2025,Appartement,3.0,82
13,2025,Appartement,4.0,32
13,2025,Appartement,5.0,4
13,2025,Maison,3.0,1
13,2025,Maison,4.0,2
13,2025,Maison,5.0,2
14,2020,Appartement,0.0,1
14,2020,Appartement,1.0,250
14,2020,Appartement,2.0,375
14,2020,Appartement,3.0,230
14,2020,Appartement,4.0,73
14,2020,Appartement,5.0,27
14,2020,Appartement,6.0,7
14,2020,Appartement,8.0,1
14,2020,Appartement,21.0,1
14,2020,Maison,2.0,1
14,2020,Maison,4.0,2
14,2020,Maison,5.0,2
14,2020,Maison,6.0,1
14,2020,Maison,7.0,2
14,2021,Appartement,1.0,2
14,2021,Appartement,2.0,5
14,2021,Appartement,3.0,7
14,2021,Appartement,4.0,1
14,2021,Appartement,5.0,1
14,2022,Appartement,0.0,6
14,2022,Appartement,1.0,648
14,2022,Appartement,2.0,948
14,2022,Appartement,3.0,649
14,2022,Appartement,4.0,271
14,2022,Appartement,5.0,70
14,2022,Appartement,6.0,15
14,2022,Appartement,7.0,4
14,2022,Appartement,8.0,3
14,2022,Maison,1.0,2
14,2022,Maison,2.0,8
14,2022,Maison,3.0,5
14,2022,Maison,4.0,3
14,2022,Maison,5.0,7
14,2022,Maison,6.0,4
14,2022,Maison,7.0,2
14,2022,Maison,8.0,3
14,2023,Appartement,1.0,273
14,2023,Appartement,2.0,356
14,2023,Appartement,3.0,243
14,2023,Appartement,4.0,75
14,2023,Appartement,5.0,23
14,2023,Appartement,6.0,1
14,2023,Appartement,7.0,1
14,2023,Maison,1.0,1
14,2023,Maison,3.0,1
14,2023,Maison,4.0,4
14,2023,Maison,5.0,1
14,2023,Maison,6.0,1
14,2023,Maison,7.0,1
14,2024,Appartement,0.0,13
14,2024,Appartement,1.0,995
14,2024,Appartement,2.0,1431
14,2024,Appartement,3.0,780
14,2024,Appartement,4.0,287
14,2024,Appartement,5.0,101
14,2024,Appartement,6.0,40
14,2024,Appartement,7.0,11
14,2024,Maison,1.0,3
14,2024,Maison,2.0,7
14,2024,Maison,3.0,4
14,2024,Maison,4.0,12
14,2024,Maison,5.0,5
14,2024,Maison,6.0,7
14,2024,Maison,7.0,6
14,2024,Maison,8.0,2
14,2025,Appartement,0.0,1
14,2025,Appartement,1.0,124
14,2025,Appartement,2.0,159
14,2025,Appartement,3.0,113
14,2025,Appartement,4.0,24
14,2025,Appartement,5.0,16
14,2025,Appartement,6.0,2
14,2025,Appartement,7.0,2
14,2025,Appartement,8.0,2
14,2025,Maison,3.0,1
14,2025,Maison,4.0,2
14,2025,Maison,5.0,1
14,2025,Maison,6.0,1
15,2020,Appartement,1.0,451
15,2020,Appartement,2.0,579
15,2020,Appartement,3.0,429
15,2020,Appartement,4.0,224
15,2020,Appartement,5.0,72
15,2020,Appartement,6.0,16
15,2020,Appartement,7.0,2
15,2020,Maison,3.0,1
15,2020,Maison,6.0,3
15,2020,Maison,8.0,1
15,2021,Appartement,1.0,7
15,2021,Appartement,2.0,10
15,2021,Appartement,3.0,4
15,2021,Appartement,4.0,5
15,2022,Appartement,0.0,5
15,2022,Appartement,1.0,1334
15,2022,Appartement,2.0,2032
15,2022,Appartement,3.0,1419
15,2022,Appartement,4.0,629
15,2022,Appartement,5.0,220
15,2022,Appartement,6.0,31
15,2022,Appartement,7.0,12
15,2022,Appartement,8.0,3
15,2022,Maison,3.0,2
15,2022,Maison,4.0,3
15,2022,Maison,5.0,8
15,2022,Maison,6.0,6
15,2022,Maison,7.0,1
15,2023,Appartement,0.0,3
15,2023,Appartement,1.0,460
15,2023,Appartement,2.0,601
15,2023,Appartement,3.0,433
15,2023,Appartement,4.0,185
15,2023,Appartement,5.0,69
15,2023,Appartement,6.0,16
15,2023,Appartement,7.0,4
15,2023,Appartement,8.0,1
15,2023,Maison,1.0,1
15,2023,Maison,4.0,2
15,2023,Maison,5.0,8
15,2024,Appartement,0.0,6
15,2024,Appartement,1.0,1985
15,2024,Appartement,2.0,2553
15,2024,Appartement,3.0,1931
15,2024,Appartement,4.0,1021
15,2024,Appartement,5.0,288
15,2024,Appartement,6.0,41
15,2024,Appartement,7.0,8
15,2024,Appartement,8.0,6
15,2024,Maison,1.0,1
15,2024,Maison,2.0,2
15,2024,Maison,3.0,5
15,2024,Maison,4.0,3
15,2024,Maison,5.0,5
15,2024,Maison,6.0,6
15,2025,Appartement,0.0,2
15,2025,Appartement,1.0,191
15,2025,Appartement,2.0,273
15,2025,Appartement,3.0,165
15,2025,Appartement,4.0,75
15,2025,Appartement,5.0,34
15,2025,Appartement,6.0,7
15,2025,Appartement,7.0,3
15,2025,Maison,2.0,1
15,2025,Maison,6.0,1
16,2020,Appartement,1.0,372
16,2020,Appartement,2.0,352
16,2020,Appartement,3.0,314
16,2020,Appartement,4.0,252
16,2020,Appartement,5.0,142
16,2020,Appartement,6.0,83
16,2020,Appartement,7.0,46
16,2020,Appartement,8.0,8
16,2020,Appartement,9.0,6
16,2020,Appartement,12.0,1
16,2020,Maison,2.0,1
16,2020,Maison,3.0,2
16,2020,Maison,4.0,1
16,2020,Maison,5.0,3
16,2020,Maison,6.0,2
16,2020,Maison,7.0,1
16,2020,Maison,8.0,5
16,2020,Maison,9.0,1
16,2020,Maison,11.0,1
16,2020,Maison,13.0,1
16,2020,Maison,17.0,1
16,2021,Appartement,1.0,4
16,2021,Appartement,2.0,4
16,2021,Appartement,3.0,8
16,2021,Appartement,4.0,6
16,2021,Appartement,5.0,6
16,2021,Appartement,6.0,1
16,2021,Appartement,7.0,1
16,2021,Maison,5.0,1
16,2022,Appartement,0.0,8
16,2022,Appartement,1.0,960
16,2022,Appartement,2.0,989
16,2022,Appartement,3.0,893
16,2022,Appartement,4.0,731
16,2022,Appartement,5.0,444
16,2022,Appartement,6.0,206
16,2022,Appartement,7.0,119
16,2022,Appartement,8.0,52
16,2022,Appartement,9.0,10
16,2022,Appartement,10.0,5
16,2022,Appartement,11.0,1
16,2022,Appartement,12.0,2
16,2022,Appartement,13.0,2
16,2022,Maison,2.0,1
16,2022,Maison,3.0,3
16,2022,Maison,4.0,1
16,2022,Maison,5.0,9
16,2022,Maison,6.0,3
16,2022,Maison,7.0,13
16,2022,Maison,8.0,7
16,2022,Maison,9.0,5
16,2022,Maison,10.0,2
16,2023,Appartement,1.0,344
16,2023,Appartement,2.0,314
16,2023,Appartement,3.0,311
16,2023,Appartement,4.0,257
16,2023,Appartement,5.0,151
16,2023,Appartement,6.0,66
16,2023,Appartement,7.0,33
16,2023,Appartement,8.0,10
16,2023,Appartement,9.0,7
16,2023,Maison,3.0,1
16,2023,Maison,4.0,1
16,2023,Maison,5.0,2
16,2023,Maison,6.0,2
16,2023,Maison,7.0,1
16,2023,Maison,8.0,2
16,2023,Maison,9.0,5
16,2023,Maison,14.0,1
16,2023,Maison,17.0,2
16,2023,Maison,20.0,1
16,2024,Appartement,0.0,3
16,2024,Appartement,1.0,1429
16,2024,Appartement,2.0,1251
16,2024,Appartement,3.0,1172
16,2024,Appartement,4.0,875
16,2024,Appartement,5.0,522
16,2024,Appartement,6.0,350
16,2024,Appartement,7.0,168
16,2024,Appartement,8.0,68
16,2024,Appartement,9.0,20
16,2024,Appartement,10.0,6
16,2024,Appartement,11.0,5
16,2024,Maison,3.0,3
16,2024,Maison,4.0,2
16,2024,Maison,5.0,8
16,2024,Maison,6.0,12
16,2024,Maison,7.0,2
16,2024,Maison,8.0,13
16,2024,Maison,9.0,5
16,2024,Maison,10.0,3
16,2025,Appartement,0.0,1
16,2025,Appartement,1.0,121
16,2025,Appartement,2.0,144
16,2025,Appartement,3.0,134
16,2025,Appartement,4.0,95
16,2025,Appartement,5.0,59
16,2025,Appartement,6.0,24
16,2025,Appartement,7.0,12
16,2025,Appartement,8.0,6
16,2025,Appartement,9.0,1
16,2025,Maison,7.0,3
16,2025,Maison,8.0,1
17,2020,Appartement,0.0,6
17,2020,Appartement,1.0,680
17,2020,Appartement,2.0,1086
17,2020,Appartement,3.0,738
17,2020,Appartement,4.0,304
17,2020,Appartement,5.0,164
17,2020,Appartement,6.0,46
17,2020,Appartement,7.0,28
17,2020,Appartement,8.0,12
17,2020,Maison,2.0,2
17,2020,Maison,3.0,2
17,2020,Maison,5.0,22
17,2021,Appartement,1.0,18
17,2021,Appartement,2.0,39
17,2021,Appartement,3.0,31
17,2021,Appartement,4.0,13
17,2021,Appartement,5.0,9
17,2021,Appartement,6.0,1
17,2021,Appartement,7.0,1
17,2021,Appartement,10.0,1
17,2022,Appartement,0.0,7
17,2022,Appartement,1.0,651
17,2022,Appartement,2.0,989
17,2022,Appartement,3.0,698
17,2022,Appartement,4.0,382
17,2022,Appartement,5.0,212
17,2022,Appartement,6.0,81
17,2022,Appartement,7.0,19
17,2022,Appartement,8.0,6
17,2022,Appartement,10.0,1
17,2022,Appartement,13.0,1
17,2022,Maison,2.0,1
17,2022,Maison,3.0,1
17,2022,Maison,4.0,1
17,2022,Maison,5.0,1
17,2022,Maison,6.0,1
17,2022,Maison,9.0,2
17,2022,Maison,12.0,1
17,2023,Appartement,1.0,190
17,2023,Appartement,2.0,238
17,2023,Appartement,3.0,144
17,2023,Appartement,4.0,61
17,2023,Appartement,5.0,40
17,2023,Appartement,6.0,13
17,2023,Appartement,7.0,17
17,2023,Appartement,8.0,2
17,2023,Maison,1.0,1
17,2023,Maison,5.0,1
17,2024,Appartement,1.0,373
17,2024,Appartement,2.0,489
17,2024,Appartement,3.0,309
17,2024,Appartement,4.0,153
17,2024,Appartement,5.0,65
17,2024,Appartement,6.0,36
17,2024,Appartement,7.0,9
17,2024,Appartement,8.0,3
17,2024,Appartement,9.0,2
17,2024,Maison,4.0,1
17,2024,Maison,5.0,1
17,2024,Maison,8.0,1
17,2025,Appartement,0.0,1
17,2025,Appartement,1.0,309
17,2025,Appartement,2.0,364
17,2025,Appartement,3.0,247
17,2025,Appartement,4.0,124
17,2025,Appartement,5.0,54
17,2025,Appartement,6.0,23
17,2025,Appartement,7.0,12
17,2025,Appartement,8.0,1
17,2025,Appartement,9.0,1
17,2025,Appartement,11.0,1
17,2025,Maison,2.0,1
17,2025,Maison,4.0,1
17,2025,Maison,5.0,1
17,2025,Maison,6.0,1
17,2025,Maison,8.0,1
18,2020,Appartement,0.0,6
18,2020,Appartement,1.0,1052
18,2020,Appartement,2.0,1680
18,2020,Appartement,3.0,870
18,2020,Appartement,4.0,266
18,2020,Appartement,5.0,38
18,2020,Appartement,6.0,22
18,2020,Appartement,7.0,2
18,2020,Appartement,22.0,2
18,2020,Maison,2.0,2
18,2020,Maison,3.0,2
18,2020,Maison,4.0,4
18,2020,Maison,6.0,2
18,2020,Maison,8.0,2
18,2020,Maison,9.0,2
18,2021,Appartement,1.0,36
18,2021,Appartement,2.0,61
18,2021,Appartement,3.0,41
18,2021,Appartement,4.0,14
18,2021,Appartement,5.0,3
18,2021,Appartement,6.0,4
18,2022,Appartement,0.0,10
18,2022,Appartement,1.0,849
18,2022,Appartement,2.0,1567
18,2022,Appartement,3.0,973
18,2022,Appartement,4.0,353
18,2022,Appartement,5.0,63
18,2022,Appartement,6.0,15
18,2022,Appartement,8.0,3
18,2022,Appartement,13.0,2
18,2022,Maison,1.0,1
18,2022,Maison,2.0,3
18,2022,Maison,3.0,1
18,2022,Maison,4.0,2
18,2022,Maison,5.0,4
18,2022,Maison,6.0,2
18,2023,Appartement,0.0,3
18,2023,Appartement,1.0,373
18,2023,Appartement,2.0,363
18,2023,Appartement,3.0,156
18,2023,Appartement,4.0,30
18,2023,Appartement,5.0,13
18,2023,Appartement,6.0,2
18,2023,Maison,3.0,1
18,2023,Maison,4.0,1
18,2023,Maison,5.0,1
18,2023,Maison,6.0,2
18,2024,Appartement,0.0,5
18,2024,Appartement,1.0,490
18,2024,Appartement,2.0,630
18,2024,Appartement,3.0,328
18,2024,Appartement,4.0,107
18,2024,Appartement,5.0,27
18,2024,Appartement,6.0,5
18,2024,Appartement,8.0,1
18,2024,Appartement,12.0,1
18,2024,Maison,2.0,1
18,2024,Maison,4.0,1
18,2024,Maison,5.0,1
18,2024,Maison,7.0,1
18,2025,Appartement,0.0,7
18,2025,Appartement,1.0,338
18,2025,Appartement,2.0,528
18,2025,Appartement,3.0,313
18,2025,Appartement,4.0,82
18,2025,Appartement,5.0,23
18,2025,Appartement,6.0,2
18,2025,Appartement,8.0,1
18,2025,Maison,3.0,2
18,2025,Maison,4.0,3
18,2025,Maison,5.0,1
18,2025,Maison,9.0,1
19,2020,Appartement,1.0,694
19,2020,Appartement,2.0,1207
19,2020,Appartement,3.0,638
19,2020,Appartement,4.0,235
19,2020,Appartement,5.0,43
19,2020,Appartement,6.0,9
19,2020,Appartement,7.0,2
19,2020,Appartement,11.0,2
19,2020,Maison,2.0,3
19,2020,Maison,3.0,3
19,2020,Maison,4.0,22
19,2020,Maison,5.0,11
19,2020,Maison,8.0,5
19,2021,Appartement,1.0,20
19,2021,Appartement,2.0,30
19,2021,Appartement,3.0,18
19,2021,Appartement,4.0,7
19,2021,Appartement,5.0,1
19,2022,Appartement,1.0,482
19,2022,Appartement,2.0,665
19,2022,Appartement,3.0,457
19,2022,Appartement,4.0,150
19,2022,Appartement,5.0,43
19,2022,Appartement,6.0,2
19,2022,Appartement,7.0,3
19,2022,Appartement,9.0,2
19,2022,Appartement,11.0,2
19,2022,Maison,1.0,1
19,2022,Maison,2.0,5
19,2022,Maison,3.0,3
19,2022,Maison,4.0,3
19,2022,Maison,5.0,6
19,2022,Maison,6.0,3
19,2022,Maison,7.0,1
19,2023,Appartement,0.0,1
19,2023,Appartement,1.0,171
19,2023,Appartement,2.0,164
19,2023,Appartement,3.0,117
19,2023,Appartement,4.0,32
19,2023,Appartement,5.0,4
19,2023,Maison,3.0,2
19,2023,Maison,4.0,2
19,2023,Maison,5.0,3
19,2023,Maison,8.0,1
19,2024,Appartement,1.0,243
19,2024,Appartement,2.0,449
19,2024,Appartement,3.0,194
19,2024,Appartement,4.0,75
19,2024,Appartement,5.0,12
19,2024,Appartement,6.0,3
19,2024,Maison,2.0,3
19,2024,Maison,3.0,3
19,2024,Maison,4.0,1
19,2024,Maison,5.0,3
19,2024,Maison,6.0,1
19,2024,Maison,7.0,1
19,2025,Appartement,1.0,194
19,2025,Appartement,2.0,220
19,2025,Appartement,3.0,122
19,2025,Appartement,4.0,50
19,2025,Appartement,5.0,15
19,2025,Maison,3.0,3
19,2025,Maison,4.0,3
19,2025,Maison,6.0,1
20,2020,Appartement,1.0,907
20,2020,Appartement,2.0,1272
20,2020,Appartement,3.0,738
20,2020,Appartement,4.0,244
20,2020,Appartement,5.0,43
20,2020,Appartement,6.0,5
20,2020,Appartement,8.0,3
20,2020,Maison,3.0,12
20,2020,Maison,5.0,3
20,2020,Maison,7.0,3
20,2021,Appartement,1.0,39
20,2021,Appartement,2.0,28
20,2021,Appartement,3.0,24
20,2021,Appartement,4.0,6
20,2021,Appartement,5.0,2
20,2021,Maison,1.0,1
20,2021,Maison,2.0,1
20,2022,Appartement,1.0,626
20,2022,Appartement,2.0,881
20,2022,Appartement,3.0,528
20,2022,Appartement,4.0,184
20,2022,Appartement,5.0,43
20,2022,Appartement,6.0,3
20,2022,Maison,1.0,2
20,2022,Maison,2.0,2
20,2022,Maison,3.0,4
20,2022,Maison,4.0,3
20,2022,Maison,5.0,2
20,2022,Maison,6.0,2
20,2023,Appartement,1.0,148
20,2023,Appartement,2.0,161
20,2023,Appartement,3.0,82
20,2023,Appartement,4.0,22
20,2023,Appartement,5.0,12
20,2023,Appartement,6.0,3
20,2023,Maison,3.0,2
20,2023,Maison,4.0,1
20,2023,Maison,5.0,1
20,2024,Appartement,0.0,2
20,2024,Appartement,1.0,338
20,2024,Appartement,2.0,511
20,2024,Appartement,3.0,318
20,2024,Appartement,4.0,121
20,2024,Appartement,5.0,41
20,2024,Appartement,6.0,2
20,2024,Appartement,7.0,1
20,2024,Appartement,8.0,1
20,2024,Appartement,9.0,1
20,2024,Maison,3.0,2
20,2024,Maison,4.0,1
20,2024,Maison,5.0,3
20,2024,Maison,8.0,1
20,2025,Appartement,0.0,1
20,2025,Appartement,1.0,246
20,2025,Appartement,2.0,351
20,2025,Appartement,3.0,185
20,2025,Appartement,4.0,87
20,2025,Appartement,5.0,18
20,2025,Appartement,6.0,6
20,2025,Appartement,7.0,1
20,2025,Maison,1.0,1
20,2025,Maison,2.0,2
20,2025,Maison,3.0,2
20,2025,Maison,4.0,2
20,2025,Maison,5.0,2
20,2025,Maison,6.0,3
01,2021,Appartement,0.0,1
01,2021,Appartement,1.0,77
01,2021,Appartement,2.0,53
01,2021,Appartement,3.0,35
01,2021,Appartement,4.0,11
01,2021,Appartement,5.0,10
01,2021,Appartement,6.0,1
01,2021,Appartement,7.0,1
01,2023,Appartement,1.0,15
01,2023,Appartement,2.0,26
01,2023,Appartement,3.0,13
01,2023,Appartement,4.0,5
01,2023,Appartement,5.0,1
01,2023,Appartement,7.0,1
02,2021,Appartement,0.0,1
02,2021,Appartement,1.0,89
02,2021,Appartement,2.0,88
02,2021,Appartement,3.0,47
02,2021,Appartement,4.0,18
02,2021,Appartement,5.0,9
02,2021,Appartement,6.0,2
02,2021,Appartement,7.0,2
02,2023,Appartement,1.0,25
02,2023,Appartement,2.0,16
02,2023,Appartement,3.0,11
02,2023,Appartement,5.0,1
03,2021,Appartement,1.0,104
03,2021,Appartement,2.0,131
03,2021,Appartement,3.0,69
03,2021,Appartement,4.0,39
03,2021,Appartement,5.0,11
03,2021,Appartement,6.0,4
03,2021,Appartement,9.0,1
03,2021,Maison,5.0,1
03,2023,Appartement,1.0,44
03,2023,Appartement,2.0,55
03,2023,Appartement,3.0,32
03,2023,Appartement,4.0,14
03,2023,Appartement,5.0,3
03,2023,Appartement,6.0,1
03,2023,Appartement,7.0,1
04,2021,Appartement,0.0,1
04,2021,Appartement,1.0,76
04,2021,Appartement,2.0,79
04,2021,Appartement,3.0,55
04,2021,Appartement,4.0,18
04,2021,Appartement,5.0,19
04,2021,Appartement,6.0,14
04,2021,Appartement,7.0,4
04,2021,Appartement,8.0,1
04,2023,Appartement,1.0,40
04,2023,Appartement,2.0,57
04,2023,Appartement,3.0,32
04,2023,Appartement,4.0,7
04,2023,Appartement,5.0,4
04,2023,Appartement,6.0,1
05,2021,Appartement,1.0,1
05,2023,Appartement,0.0,6
05,2023,Appartement,1.0,350
05,2023,Appartement,2.0,307
05,2023,Appartement,3.0,214
05,2023,Appartement,4.0,91
05,2023,Appartement,5.0,40
05,2023,Appartement,6.0,21
05,2023,Appartement,7.0,5
05,2023,Appartement,8.0,1
05,2023,Appartement,9.0,2
05,2023,Maison,6.0,1
06,2023,Appartement,0.0,2
06,2023,Appartement,1.0,289
06,2023,Appartement,2.0,264
06,2023,Appartement,3.0,192
06,2023,Appartement,4.0,126
06,2023,Appartement,5.0,78
06,2023,Appartement,6.0,35
06,2023,Appartement,7.0,19
06,2023,Appartement,8.0,4
06,2023,Maison,3.0,2
06,2023,Maison,7.0,2
06,2023,Maison,8.0,2
07,2023,Appartement,1.0,244
07,2023,Appartement,2.0,273
07,2023,Appartement,3.0,241
07,2023,Appartement,4.0,150
07,2023,Appartement,5.0,124
07,2023,Appartement,6.0,48
07,2023,Appartement,7.0,34
07,2023,Appartement,8.0,16
07,2023,Appartement,9.0,3
07,2023,Appartement,10.0,1
07,2023,Appartement,11.0,2
07,2023,Appartement,12.0,1
07,2023,Maison,5.0,1
07,2023,Maison,13.0,2
08,2021,Appartement,0.0,1
08,2021,Appartement,1.0,86
08,2021,Appartement,2.0,81
08,2021,Appartement,3.0,64
08,2021,Appartement,4.0,47
08,2021,Appartement,5.0,32
08,2021,Appartement,6.0,19
08,2021,Appartement,7.0,9
08,2021,Appartement,8.0,2
08,2021,Appartement,10.0,1
08,2023,Appartement,0.0,1
08,2023,Appartement,1.0,28
08,2023,Appartement,2.0,21
08,2023,Appartement,3.0,16
08,2023,Appartement,4.0,18
08,2023,Appartement,5.0,12
08,2023,Appartement,6.0,10
08,2023,Appartement,7.0,3
08,2023,Appartement,8.0,3
08,2023,Appartement,9.0,2
09,2021,Appartement,0.0,4
09,2021,Appartement,1.0,175
09,2021,Appartement,2.0,190
09,2021,Appartement,3.0,144
09,2021,Appartement,4.0,80
09,2021,Appartement,5.0,54
09,2021,Appartement,6.0,17
09,2021,Appartement,7.0,6
09,2021,Appartement,8.0,2
09,2021,Maison,4.0,1
09,2023,Appartement,1.0,54
09,2023,Appartement,2.0,47
09,2023,Appartement,3.0,39
09,2023,Appartement,4.0,17
09,2023,Appartement,5.0,9
09,2023,Appartement,6.0,2
09,2023,Appartement,7.0,1
10,2021,Appartement,0.0,6
10,2021,Appartement,1.0,251
10,2021,Appartement,2.0,326
10,2021,Appartement,3.0,222
10,2021,Appartement,4.0,89
10,2021,Appartement,5.0,29
10,2021,Appartement,6.0,8
10,2023,Appartement,1.0,75
10,2023,Appartement,2.0,74
10,2023,Appartement,3.0,37
10,2023,Appartement,4.0,14
10,2023,Appartement,5.0,7
10,2023,Appartement,6.0,1
10,2023,Appartement,7.0,2
11,2023,Appartement,0.0,16
11,2023,Appartement,1.0,804
11,2023,Appartement,2.0,1042
11,2023,Appartement,3.0,571
11,2023,Appartement,4.0,171
11,2023,Appartement,5.0,74
11,2023,Appartement,6.0,21
11,2023,Appartement,7.0,1
11,2023,Maison,7.0,2
12,2023,Appartement,0.0,6
12,2023,Appartement,1.0,527
12,2023,Appartement,2.0,743
12,2023,Appartement,3.0,425
12,2023,Appartement,4.0,186
12,2023,Appartement,5.0,53
12,2023,Appartement,6.0,15
12,2023,Appartement,7.0,2
12,2023,Maison,2.0,2
12,2023,Maison,3.0,1
12,2023,Maison,6.0,1
12,2023,Maison,7.0,1
13,2021,Appartement,1.0,8
13,2023,Appartement,0.0,3
13,2023,Appartement,1.0,607
13,2023,Appartement,2.0,720
13,2023,Appartement,3.0,415
13,2023,Appartement,4.0,182
13,2023,Appartement,5.0,45
13,2023,Appartement,6.0,11
13,2023,Maison,3.0,2
13,2023,Maison,4.0,8
13,2023,Maison,5.0,5
13,2023,Maison,6.0,5
14,2023,Appartement,0.0,1
14,2023,Appartement,1.0,539
14,2023,Appartement,2.0,775
14,2023,Appartement,3.0,432
14,2023,Appartement,4.0,175
14,2023,Appartement,5.0,53
14,2023,Appartement,6.0,12
14,2023,Appartement,7.0,2
14,2023,Appartement,9.0,1
14,2023,Maison,2.0,2
14,2023,Maison,3.0,3
14,2023,Maison,4.0,4
14,2023,Maison,5.0,2
14,2023,Maison,6.0,9
14,2023,Maison,7.0,4
15,2023,Appartement,0.0,8
15,2023,Appartement,1.0,922
15,2023,Appartement,2.0,1033
15,2023,Appartement,3.0,797
15,2023,Appartement,4.0,348
15,2023,Appartement,5.0,128
15,2023,Appartement,6.0,21
15,2023,Appartement,7.0,8
15,2023,Appartement,8.0,4
15,2023,Maison,2.0,2
15,2023,Maison,3.0,6
15,2023,Maison,4.0,3
15,2023,Maison,5.0,5
15,2023,Maison,6.0,3
16,2023,Appartement,1.0,617
16,2023,Appartement,2.0,632
16,2023,Appartement,3.0,566
16,2023,Appartement,4.0,400
16,2023,Appartement,5.0,265
16,2023,Appartement,6.0,129
16,2023,Appartement,7.0,73
16,2023,Appartement,8.0,20
16,2023,Appartement,9.0,14
16,2023,Appartement,10.0,3
16,2023,Maison,2.0,1
16,2023,Maison,3.0,2
16,2023,Maison,4.0,2
16,2023,Maison,5.0,3
16,2023,Maison,6.0,4
16,2023,Maison,7.0,5
16,2023,Maison,8.0,3
16,2023,Maison,9.0,2
16,2023,Maison,10.0,1
16,2023,Maison,11.0,2
16,2023,Maison,14.0,1
16,2023,Maison,20.0,1
17,2021,Appartement,0.0,1
17,2021,Appartement,1.0,358
17,2021,Appartement,2.0,469
17,2021,Appartement,3.0,320
17,2021,Appartement,4.0,149
17,2021,Appartement,5.0,85
17,2021,Appartement,6.0,48
17,2021,Appartement,7.0,15
17,2021,Appartement,8.0,7
17,2021,Maison,1.0,1
17,2021,Maison,3.0,1
17,2021,Maison,4.0,1
17,2021,Maison,5.0,1
17,2021,Maison,8.0,2
17,2023,Appartement,1.0,137
17,2023,Appartement,2.0,169
17,2023,Appartement,3.0,91
17,2023,Appartement,4.0,39
17,2023,Appartement,5.0,35
17,2023,Appartement,6.0,9
17,2023,Appartement,7.0,6
17,2023,Appartement,8.0,1
17,2023,Maison,5.0,1
18,2021,Appartement,0.0,1
18,2021,Appartement,1.0,449
18,2021,Appartement,2.0,735
18,2021,Appartement,3.0,384
18,2021,Appartement,4.0,97
18,2021,Appartement,5.0,33
18,2021,Appartement,6.0,3
18,2021,Maison,2.0,1
18,2021,Maison,3.0,2
18,2021,Maison,4.0,1
18,2021,Maison,5.0,1
18,2021,Maison,6.0,1
18,2023,Appartement,0.0,3
18,2023,Appartement,1.0,276
18,2023,Appartement,2.0,258
18,2023,Appartement,3.0,107
18,2023,Appartement,4.0,22
18,2023,Appartement,5.0,9
18,2023,Appartement,6.0,1
18,2023,Maison,3.0,1
18,2023,Maison,4.0,1
18,2023,Maison,5.0,1
18,2023,Maison,6.0,2
19,2021,Appartement,1.0,220
19,2021,Appartement,2.0,334
19,2021,Appartement,3.0,204
19,2021,Appartement,4.0,73
19,2021,Appartement,5.0,19
19,2021,Appartement,6.0,5
19,2021,Appartement,7.0,2
19,2021,Maison,2.0,1
19,2021,Maison,3.0,3
19,2021,Maison,4.0,1
19,2021,Maison,5.0,1
19,2021,Maison,6.0,2
19,2023,Appartement,1.0,138
19,2023,Appartement,2.0,101
19,2023,Appartement,3.0,93
19,2023,Appartement,4.0,20
19,2023,Appartement,5.0,2
19,2023,Maison,3.0,2
19,2023,Maison,4.0,1
19,2023,Maison,5.0,2
19,2023,Maison,8.0,1
20,2021,Appartement,0.0,1
20,2021,Appartement,1.0,294
20,2021,Appartement,2.0,372
20,2021,Appartement,3.0,239
20,2021,Appartement,4.0,84
20,2021,Appartement,5.0,20
20,2021,Appartement,6.0,4
20,2021,Appartement,7.0,2
20,2021,Maison,2.0,1
20,2021,Maison,3.0,1
20,2021,Maison,4.0,4
20,2021,Maison,5.0,3
20,2021,Maison,6.0,1
20,2021,Maison,7.0,1
20,2023,Appartement,1.0,114
20,2023,Appartement,2.0,121
20,2023,Appartement,3.0,49
20,2023,Appartement,4.0,18
20,2023,Appartement,5.0,7
20,2023,Appartement,6.0,2
20,2023,Maison,3.0,2
20,2023,Maison,4.0,1
an,2023,Appartement,1.0,2
